-- phpMyAdmin SQL Dump
-- version 5.1.1
-- https://www.phpmyadmin.net/
--
-- Host: 127.0.0.1
-- Generation Time: Nov 26, 2021 at 06:34 PM
-- Server version: 10.4.21-MariaDB
-- PHP Version: 8.0.12

SET SQL_MODE = "NO_AUTO_VALUE_ON_ZERO";
START TRANSACTION;
SET time_zone = "+00:00";


/*!40101 SET @OLD_CHARACTER_SET_CLIENT=@@CHARACTER_SET_CLIENT */;
/*!40101 SET @OLD_CHARACTER_SET_RESULTS=@@CHARACTER_SET_RESULTS */;
/*!40101 SET @OLD_COLLATION_CONNECTION=@@COLLATION_CONNECTION */;
/*!40101 SET NAMES utf8mb4 */;

--
-- Database: `apartment_finding_system`
--

-- --------------------------------------------------------

--
-- Table structure for table `admin`
--

CREATE TABLE `admin` (
  `ID` int(10) NOT NULL,
  `First_name` varchar(20) NOT NULL,
  `Last_name` varchar(20) NOT NULL,
  `Username` varchar(30) NOT NULL,
  `Password` varchar(70) NOT NULL,
  `Status` varchar(10) NOT NULL,
  `Email` varchar(30) NOT NULL,
  `Address` text NOT NULL,
  `DOB` date NOT NULL,
  `Joining_date` date NOT NULL,
  `Phone` varchar(15) NOT NULL,
  `Gender` varchar(7) NOT NULL,
  `Picture` varchar(50) DEFAULT NULL,
  `Salary` int(10) NOT NULL,
  `Created_at` datetime DEFAULT NULL,
  `Updated_at` datetime DEFAULT NULL
) ENGINE=InnoDB DEFAULT CHARSET=utf8mb4;

--
-- Dumping data for table `admin`
--

INSERT INTO `admin` (`ID`, `First_name`, `Last_name`, `Username`, `Password`, `Status`, `Email`, `Address`, `DOB`, `Joining_date`, `Phone`, `Gender`, `Picture`, `Salary`, `Created_at`, `Updated_at`) VALUES
(11, 'Manik', 'Saha', 'ppppppdppwfwe', '11111111', 'Open', 'manikssdgrrgme@gmail.com', 'Jamuna Future park, Dhaka 1211', '2021-10-26', '2021-10-13', '+8801952309730', 'Female', '1634896138.jpg', 1111111, NULL, '2021-10-29 18:16:07'),
(13, 'Manik', 'Saha', 'aaa111', 'bae5e3208a3c700e3db642b6631e95b9', 'Open', 'maniksaha.004.mailme@gmail.com', 'Jamuna Future park, Dhaka 1211', '2021-10-13', '2021-10-19', '+8801952309730', 'Male', '1634963384.jpg', 1111111, NULL, NULL),
(14, 'Manik', 'Saha', 'bbb111', '1bbd886460827015e5d605ed44252251', 'Open', 'manik0.magfgilme@gmail.com', 'Jamuna Future park, Dhaka 1211', '2021-10-20', '2021-10-19', '+8801952309730', 'Male', '1634969085.jpg', 1111111, NULL, NULL),
(15, 'Manik', 'Saha', 'bbb1111', '1bbd886460827015e5d605ed44252251', 'Open', 'manigfgfilme@gmail.com', 'Jamuna Future park, Dhaka 1211', '2021-10-14', '2021-10-05', '+8801952309730', 'Male', '1634996345.jpg', 1111111, NULL, NULL),
(16, 'manik', 'saha', 'manik333', '1bbd886460827015e5d605ed44252251', 'Blocked', 'manir3w4rk@gmail.com', 'etrttttttttttttttttttttttt', '2021-10-19', '2021-10-11', '55555555555', 'Male', NULL, 555555, '2021-10-13 02:10:14', '2021-10-29 00:00:00'),
(17, 'Manik', 'Saha', 'fefefff', '1bbd886460827015e5d605ed44252251', 'Open', 'maniksaha.00.mailme@gmail.com', 'Jamuna Future park, Dhaka 1211', '2021-10-16', '2021-10-14', '+8801952309730', 'Female', '1635432318.jpg', 1111111, '2021-10-28 14:45:18', NULL),
(19, 'Manik', 'Saha', 'wqewqe', '1bbd886460827015e5d605ed44252251', 'Open', 'maniede@gmail.com', 'Jamuna Future park, Dhaka 1211', '2021-10-20', '2021-10-17', '+8801952309730', 'Male', '1635531345.jpg', 300000, '2021-10-29 18:15:45', NULL),
(11, 'Manik', 'Saha', 'ppppppdppwfwe', '11111111', 'Open', 'manikssdgrrgme@gmail.com', 'Jamuna Future park, Dhaka 1211', '2021-10-26', '2021-10-13', '+8801952309730', 'Female', '1634896138.jpg', 1111111, NULL, '2021-10-29 18:16:07'),
(13, 'Manik', 'Saha', 'aaa111', 'bae5e3208a3c700e3db642b6631e95b9', 'Open', 'maniksaha.004.mailme@gmail.com', 'Jamuna Future park, Dhaka 1211', '2021-10-13', '2021-10-19', '+8801952309730', 'Male', '1634963384.jpg', 1111111, NULL, NULL),
(14, 'Manik', 'Saha', 'bbb111', '1bbd886460827015e5d605ed44252251', 'Open', 'manik0.magfgilme@gmail.com', 'Jamuna Future park, Dhaka 1211', '2021-10-20', '2021-10-19', '+8801952309730', 'Male', '1634969085.jpg', 1111111, NULL, NULL),
(15, 'Manik', 'Saha', 'bbb1111', '1bbd886460827015e5d605ed44252251', 'Open', 'manigfgfilme@gmail.com', 'Jamuna Future park, Dhaka 1211', '2021-10-14', '2021-10-05', '+8801952309730', 'Male', '1634996345.jpg', 1111111, NULL, NULL),
(16, 'manik', 'saha', 'manik333', '1bbd886460827015e5d605ed44252251', 'Blocked', 'manir3w4rk@gmail.com', 'etrttttttttttttttttttttttt', '2021-10-19', '2021-10-11', '55555555555', 'Male', NULL, 555555, '2021-10-13 02:10:14', '2021-10-29 00:00:00'),
(17, 'Manik', 'Saha', 'fefefff', '1bbd886460827015e5d605ed44252251', 'Open', 'maniksaha.00.mailme@gmail.com', 'Jamuna Future park, Dhaka 1211', '2021-10-16', '2021-10-14', '+8801952309730', 'Female', '1635432318.jpg', 1111111, '2021-10-28 14:45:18', NULL),
(19, 'Manik', 'Saha', 'wqewqe', '1bbd886460827015e5d605ed44252251', 'Open', 'maniede@gmail.com', 'Jamuna Future park, Dhaka 1211', '2021-10-20', '2021-10-17', '+8801952309730', 'Male', '1635531345.jpg', 300000, '2021-10-29 18:15:45', NULL),
(11, 'Manik', 'Saha', 'ppppppdppwfwe', '11111111', 'Open', 'manikssdgrrgme@gmail.com', 'Jamuna Future park, Dhaka 1211', '2021-10-26', '2021-10-13', '+8801952309730', 'Female', '1634896138.jpg', 1111111, NULL, '2021-10-29 18:16:07'),
(13, 'Manik', 'Saha', 'aaa111', 'bae5e3208a3c700e3db642b6631e95b9', 'Open', 'maniksaha.004.mailme@gmail.com', 'Jamuna Future park, Dhaka 1211', '2021-10-13', '2021-10-19', '+8801952309730', 'Male', '1634963384.jpg', 1111111, NULL, NULL),
(14, 'Manik', 'Saha', 'bbb111', '1bbd886460827015e5d605ed44252251', 'Open', 'manik0.magfgilme@gmail.com', 'Jamuna Future park, Dhaka 1211', '2021-10-20', '2021-10-19', '+8801952309730', 'Male', '1634969085.jpg', 1111111, NULL, NULL),
(15, 'Manik', 'Saha', 'bbb1111', '1bbd886460827015e5d605ed44252251', 'Open', 'manigfgfilme@gmail.com', 'Jamuna Future park, Dhaka 1211', '2021-10-14', '2021-10-05', '+8801952309730', 'Male', '1634996345.jpg', 1111111, NULL, NULL),
(16, 'manik', 'saha', 'manik333', '1bbd886460827015e5d605ed44252251', 'Blocked', 'manir3w4rk@gmail.com', 'etrttttttttttttttttttttttt', '2021-10-19', '2021-10-11', '55555555555', 'Male', NULL, 555555, '2021-10-13 02:10:14', '2021-10-29 00:00:00'),
(17, 'Manik', 'Saha', 'fefefff', '1bbd886460827015e5d605ed44252251', 'Open', 'maniksaha.00.mailme@gmail.com', 'Jamuna Future park, Dhaka 1211', '2021-10-16', '2021-10-14', '+8801952309730', 'Female', '1635432318.jpg', 1111111, '2021-10-28 14:45:18', NULL),
(19, 'Manik', 'Saha', 'wqewqe', '1bbd886460827015e5d605ed44252251', 'Open', 'maniede@gmail.com', 'Jamuna Future park, Dhaka 1211', '2021-10-20', '2021-10-17', '+8801952309730', 'Male', '1635531345.jpg', 300000, '2021-10-29 18:15:45', NULL);

-- --------------------------------------------------------

--
-- Table structure for table `apartment`
--

CREATE TABLE `apartment` (
  `apartment_ID` int(10) NOT NULL,
  `Apartment_Address` text NOT NULL,
  `Rent` int(15) NOT NULL,
  `Picture1` varchar(50) NOT NULL,
  `Picture2` varchar(50) DEFAULT NULL,
  `Picture3` varchar(50) DEFAULT NULL,
  `Picture4` varchar(50) DEFAULT NULL,
  `Picture5` varchar(50) DEFAULT NULL,
  `Picture6` varchar(50) DEFAULT NULL,
  `Picture7` varchar(50) DEFAULT NULL,
  `Kitchen` int(2) NOT NULL,
  `Dining_space` int(2) NOT NULL,
  `Details` text NOT NULL,
  `Bathroom` int(2) NOT NULL,
  `Total_room` int(2) NOT NULL,
  `Status` varchar(10) NOT NULL,
  `Lift` varchar(3) NOT NULL,
  `Created_at` date NOT NULL,
  `Updated_at` datetime DEFAULT NULL,
  `Owner_ID` int(10) DEFAULT NULL,
  `Customer_ID` int(10) DEFAULT NULL
) ENGINE=InnoDB DEFAULT CHARSET=utf8mb4;

--
-- Dumping data for table `apartment`
--

INSERT INTO `apartment` (`apartment_ID`, `Apartment_Address`, `Rent`, `Picture1`, `Picture2`, `Picture3`, `Picture4`, `Picture5`, `Picture6`, `Picture7`, `Kitchen`, `Dining_space`, `Details`, `Bathroom`, `Total_room`, `Status`, `Lift`, `Created_at`, `Updated_at`, `Owner_ID`, `Customer_ID`) VALUES
(1, '	\r\nJamuna Future park,Basundhara, Dhaka 1211', 10000, '11111.jpg', '22222.jpg', '33333.jpg', '44444.jpg', NULL, NULL, NULL, 1, 1, 'errrrrrrrrrrrrrrrrrrrrrrrrrrrrrrrrrrrrrrrrrrrrrrrrrrrrrrrrrrrrrrrrrrrrrrrrrrrrrrrrrrrrrrrrrrrr', 3, 5, 'Open', 'Yes', '2021-10-31', NULL, 1, NULL),
(3, '	\r\nJamuna Future park, Dhaka 1211', 25000, '11111.jpg', '22222.jpg', '33333.jpg', '44444.jpg', NULL, NULL, NULL, 1, 1, 'errrrrrrrrrrrrrrrrrrrrrrrrrrrrrrrrrrrrrrrrrrrrrrrrrrrrrrrrrrrrrrrrrrrrrrrrrrrrrrrrrrrrrrrrrrrr', 3, 5, 'Open', 'Yes', '2021-10-31', NULL, 1, NULL),
(8, 'Jamuna Future park,Basundhara, Dhaka 1211', 10000, '11111.jpg', '22222.jpg', '33333.jpg', '44444.jpg', NULL, NULL, NULL, 1, 1, 'gsrggggggggggggggggggggggggggggggggggggggggggggggggggggggggggggggggggggggggggggggggggggggggggggggggggggggggggggggggggggggggggggggggggggggggg', 3, 5, 'Open', 'Yes', '2021-09-13', NULL, 8, NULL),
(9, 'Jamuna Future park,Basundhara, Dhaka 1211', 10000, '11111.jpg', '22222.jpg', '33333.jpg', '44444.jpg', NULL, NULL, NULL, 1, 1, 'gsrggggggggggggggggggggggggggggggggggggggggggggggggggggggggggggggggggggggggggggggggggggggggggggggggggggggggggggggggggggggggggggggggggggggggg', 3, 5, 'Open', 'Yes', '2021-09-28', NULL, 5, NULL),
(12, 'Jamuna Future park,Basundhara, Dhaka 1211', 10000, '11111.jpg', '22222.jpg', '33333.jpg', '44444.jpg', NULL, NULL, NULL, 1, 1, 'gsrggggggggggggggggggggggggggggggggggggggggggggggggggggggggggggggggggggggggggggggggggggggggggggggggggggggggggggggggggggggggggggggggggggggggg', 3, 5, 'Open', 'Yes', '2021-11-07', NULL, 5, NULL),
(13, 'dvvvvvvvvvvvvvvvvvvvvvvvvvvvvvvvvvvvvvvdvdf', 20000, '11111.jpg', '22222.jpg', '33333.jpg', '44444.jpg', NULL, NULL, NULL, 1, 1, 'dvfdgvfvfbffffffffffffffffffffffffffffffffffffffffffffffffffffffffffffffffffffffffffffffffffffffffffffffffffffffffffff', 3, 5, 'Open', 'Yes', '2021-11-03', NULL, NULL, NULL),
(14, 'grergergergerg', 25000, '11111.jpg', '22222.jpg', '33333.jpg', '44444.jpg', NULL, NULL, NULL, 1, 1, 'tgertgergtergergre', 3, 5, 'Open', 'Yes', '2021-11-04', NULL, NULL, NULL),
(15, 'hjghggggggggggggggggggg', 25000, '11111.jpg', '22222.jpg', '33333.jpg', '44444.jpg', NULL, NULL, NULL, 1, 1, 'vvvvvvvvvvvvvvvvvvvvvvvvvvvvvvvvvvvvvvvvvvvvvvhjgjkgjhghjjjjjjjjjjjjjjjjjjjjjjjjjjjjjjjjjjjjjjjjj', 3, 5, 'Open', 'Yes', '2021-11-09', NULL, NULL, NULL);

-- --------------------------------------------------------

--
-- Table structure for table `apartments`
--

CREATE TABLE `apartments` (
  `id` bigint(20) UNSIGNED NOT NULL,
  `apartment_name` varchar(199) COLLATE utf8mb4_unicode_ci DEFAULT NULL,
  `user_id` int(11) DEFAULT NULL,
  `address` varchar(255) COLLATE utf8mb4_unicode_ci DEFAULT NULL,
  `flat_size` varchar(255) COLLATE utf8mb4_unicode_ci DEFAULT NULL,
  `contact` varchar(255) COLLATE utf8mb4_unicode_ci DEFAULT NULL,
  `city` varchar(199) COLLATE utf8mb4_unicode_ci DEFAULT NULL,
  `price` varchar(255) COLLATE utf8mb4_unicode_ci DEFAULT NULL,
  `bed` varchar(255) COLLATE utf8mb4_unicode_ci DEFAULT NULL,
  `drawing` varchar(255) COLLATE utf8mb4_unicode_ci DEFAULT NULL,
  `dining` varchar(255) COLLATE utf8mb4_unicode_ci DEFAULT NULL,
  `kitchen` varchar(255) COLLATE utf8mb4_unicode_ci DEFAULT NULL,
  `washroom` varchar(255) COLLATE utf8mb4_unicode_ci DEFAULT NULL,
  `rent_sell` varchar(255) COLLATE utf8mb4_unicode_ci DEFAULT NULL,
  `text` text COLLATE utf8mb4_unicode_ci DEFAULT NULL,
  `image` varchar(255) COLLATE utf8mb4_unicode_ci DEFAULT NULL,
  `status` varchar(255) COLLATE utf8mb4_unicode_ci NOT NULL DEFAULT '0',
  `feature` varchar(255) COLLATE utf8mb4_unicode_ci NOT NULL DEFAULT '0',
  `created_at` timestamp NULL DEFAULT NULL,
  `updated_at` timestamp NULL DEFAULT NULL
) ENGINE=InnoDB DEFAULT CHARSET=utf8mb4 COLLATE=utf8mb4_unicode_ci;

--
-- Dumping data for table `apartments`
--

INSERT INTO `apartments` (`id`, `apartment_name`, `user_id`, `address`, `flat_size`, `contact`, `city`, `price`, `bed`, `drawing`, `dining`, `kitchen`, `washroom`, `rent_sell`, `text`, `image`, `status`, `feature`, `created_at`, `updated_at`) VALUES
(1, 'New Apartment Nice View', 1, '665 shainbag tajgon dhaka', '1200', '01303552819', 'Rangamati', '800000', '4', '1', '1', '1', '3', '1', 'Beautiful Huge 1 Family House In Heart Of \r\n                                Westbury. Newly Renovated With New Wood', '603061636668472.jpg', '1', '1', '2021-11-11 16:07:52', '2021-11-13 08:42:25'),
(2, 'New Apartment Nice View', 1, '665 shainbag tajgon dhaka', '1200', '01303552819', 'Rangamati', '800000', '4', '1', '1', '1', '3', '1', 'Beautiful Huge 1 Family House In Heart Of \r\n                                Westbury. Newly Renovated With New Wood', '603061636668472.jpg', '1', '1', '2021-11-11 16:07:52', '2021-11-13 08:42:25'),
(3, 'New Apartment Nice View', 1, '665 shainbag tajgon dhaka', '1200', '01303552819', 'Rangamati', '800000', '4', '1', '1', '1', '3', '1', 'Beautiful Huge 1 Family House In Heart Of \r\n                                Westbury. Newly Renovated With New Wood', '603061636668472.jpg', '1', '1', '2021-11-11 16:07:52', '2021-11-13 08:42:25'),
(4, 'New Apartment Nice View', 1, '665 shainbag tajgon dhaka', '1200', '01303552819', 'Rangamati', '800000', '4', '1', '1', '1', '3', '1', 'Beautiful Huge 1 Family House In Heart Of \r\n                                Westbury. Newly Renovated With New Wood', '603061636668472.jpg', '1', '1', '2021-11-11 16:07:52', '2021-11-13 08:42:25'),
(5, 'New Apartment Nice View', 1, '665 shainbag tajgon dhaka', '1200', '01303552819', 'Rangamati', '800000', '4', '1', '1', '1', '3', '1', 'Beautiful Huge 1 Family House In Heart Of \r\n                                Westbury. Newly Renovated With New Wood', '603061636668472.jpg', '1', '1', '2021-11-11 16:07:52', '2021-11-13 08:42:25'),
(6, 'New Apartment Nice View', 1, '665 shainbag tajgon dhaka', '1200', '01303552819', 'Rangamati', '800000', '4', '1', '1', '1', '3', '1', 'Beautiful Huge 1 Family House In Heart Of \r\n                                Westbury. Newly Renovated With New Wood', '603061636668472.jpg', '1', '1', '2021-11-11 16:07:52', '2021-11-13 08:42:25'),
(7, 'New Apartment Nice View', 1, '665 shainbag tajgon dhaka', '1200', '01303552819', 'Rangamati', '800000', '4', '1', '1', '1', '3', '1', 'Beautiful Huge 1 Family House In Heart Of \r\n                                Westbury. Newly Renovated With New Wood', '603061636668472.jpg', '1', '1', '2021-11-11 16:07:52', '2021-11-13 08:42:25'),
(8, 'New Apartment Nice View', 1, '665 shainbag tajgon dhaka', '1200', '01303552819', 'Rangamati', '800000', '4', '1', '1', '1', '3', '1', 'Beautiful Huge 1 Family House In Heart Of \r\n                                Westbury. Newly Renovated With New Wood', '603061636668472.jpg', '1', '1', '2021-11-11 16:07:52', '2021-11-13 08:42:25');

-- --------------------------------------------------------

--
-- Table structure for table `apartment_owner`
--

CREATE TABLE `apartment_owner` (
  `ID` int(10) NOT NULL,
  `First_name` varchar(20) NOT NULL,
  `Last_name` varchar(20) NOT NULL,
  `Username` varchar(30) NOT NULL,
  `Password` varchar(56) NOT NULL,
  `Phone` varchar(15) NOT NULL,
  `Email` varchar(50) NOT NULL,
  `Status` varchar(10) NOT NULL,
  `Picture` varchar(50) NOT NULL,
  `Gender` varchar(7) NOT NULL,
  `Address` text NOT NULL,
  `Created_at` datetime DEFAULT NULL,
  `Updated_at` datetime DEFAULT NULL,
  `Payment_id` int(10) DEFAULT NULL,
  `Apartment_ID` int(10) DEFAULT NULL
) ENGINE=InnoDB DEFAULT CHARSET=utf8mb4;

--
-- Dumping data for table `apartment_owner`
--

INSERT INTO `apartment_owner` (`ID`, `First_name`, `Last_name`, `Username`, `Password`, `Phone`, `Email`, `Status`, `Picture`, `Gender`, `Address`, `Created_at`, `Updated_at`, `Payment_id`, `Apartment_ID`) VALUES
(1, 'manik', 'saha', 'manik3v33', '96e79218965eb72c92a549dd5a330112', '55555555555', 'manikr@gmail.com', 'Open', '11111.jpg', 'Male', 'ffffffffffffffff', '2021-10-19 04:13:18', '2021-10-29 18:18:02', NULL, 1),
(2, 'manik', 'saha', 'mangik3333', '96e79218965eb72c92a549dd5a330112', '55555555555', 'maniddk@gmail.com', 'Open', '1635343641.jpg', 'Male', 'fefewffffffffffffffffffffffffffffffffffffffff', '2021-10-19 04:13:18', '2021-10-29 14:27:42', NULL, 2),
(3, 'manik', 'saha', 'ffmanik333', '96e79218965eb72c92a549dd5a330112', '55555555555', 'manik@gmail.com', 'Open', '1635343641.jpg', 'Male', 'ffffffffffffffff', '2021-10-19 04:13:18', NULL, NULL, 4),
(1, 'manik', 'saha', 'manik3vdf33', '96e79218965eb72c92a549dd5a330112', '55555555555', 'manikffr@gmail.com', 'Open', '11111.jpg', 'Male', 'ffffffffffffffff', '2021-10-19 04:13:18', '2021-11-04 09:27:45', NULL, NULL),
(5, 'manik', 'saha', 'manikf333g', '96e79218965eb72c92a549dd5a330112', '55555555555', 'manir3wf54rk@gmail.com', 'Open', '1635343641.jpg', 'Male', 'rrrrrrrrrrrrrrrrrrrrrrrrrrrrrrrrrrrrrrrrrrrrrrrrrrrr', '2021-10-26 07:00:00', '2021-10-30 05:42:23', NULL, NULL),
(8, 'manik', 'saha', 'manik333g', '96e79218965eb72c92a549dd5a330112', '55555555555', 'manir3w54rk@gmail.com', 'Open', '1635343641.jpg', 'Male', 'rrrrrrrrrrrrrrrrrrrrrrrrrrrrrrrrrrrrrrrrrrrrrrrrrrrr', '2021-10-26 07:00:00', NULL, NULL, NULL),
(1, 'manik', 'saha', 'manik3vdf33', '96e79218965eb72c92a549dd5a330112', '55555555555', 'manikffr@gmail.com', 'Open', '11111.jpg', 'Male', 'ffffffffffffffff', '2021-10-19 04:13:18', '2021-11-04 09:27:45', NULL, NULL),
(5, 'manik', 'saha', 'manikf333g', '96e79218965eb72c92a549dd5a330112', '55555555555', 'manir3wf54rk@gmail.com', 'Open', '1635343641.jpg', 'Male', 'rrrrrrrrrrrrrrrrrrrrrrrrrrrrrrrrrrrrrrrrrrrrrrrrrrrr', '2021-10-26 07:00:00', '2021-10-30 05:42:23', NULL, NULL),
(8, 'manik', 'saha', 'manik333g', '96e79218965eb72c92a549dd5a330112', '55555555555', 'manir3w54rk@gmail.com', 'Open', '1635343641.jpg', 'Male', 'rrrrrrrrrrrrrrrrrrrrrrrrrrrrrrrrrrrrrrrrrrrrrrrrrrrr', '2021-10-26 07:00:00', NULL, NULL, NULL);

-- --------------------------------------------------------

--
-- Table structure for table `customers`
--

CREATE TABLE `customers` (
  `id` bigint(20) UNSIGNED NOT NULL,
  `name` varchar(255) COLLATE utf8mb4_unicode_ci DEFAULT NULL,
  `email` varchar(255) COLLATE utf8mb4_unicode_ci DEFAULT NULL,
  `phone` varchar(255) COLLATE utf8mb4_unicode_ci DEFAULT NULL,
  `address` varchar(255) COLLATE utf8mb4_unicode_ci DEFAULT NULL,
  `password` varchar(255) COLLATE utf8mb4_unicode_ci DEFAULT NULL,
  `status` varchar(7) COLLATE utf8mb4_unicode_ci NOT NULL,
  `created_at` timestamp NULL DEFAULT NULL,
  `updated_at` timestamp NULL DEFAULT NULL
) ENGINE=InnoDB DEFAULT CHARSET=utf8mb4 COLLATE=utf8mb4_unicode_ci;

--
-- Dumping data for table `customers`
--

INSERT INTO `customers` (`id`, `name`, `email`, `phone`, `address`, `password`, `status`, `created_at`, `updated_at`) VALUES
(1, 'ABC', 'abc@gmail.com', '01623649343', '665 shainbag tajgon dhaka', '$2y$10$Mh.0jq7hTmOZEZytxPoFu.h9fKRqdW0NrgsUDqL03Ih4nj30BID3a', 'Open', '2021-11-05 10:48:12', '2021-11-06 04:35:07'),
(2, 'Shaon Ahmed', 'abcd@gmail.com', '01623649342', 'E block 2 number road,16 number home.Mirpur 1 Dhaka 1216', '$2y$10$ZUhxelKYRD9Szzcl6o7MYOqK.AThrO2GfwfrkO9fns1P5.EOID9Am', 'Open', '2021-11-05 14:19:55', '2021-11-05 14:19:55'),
(3, 'Shaon', 'abcde@gmail.com', '01303552819', '665 shainbag tajgon dhaka', '$2y$10$UmgH/gIP1XNQSNGl6Dg1W.PNGdzc1dwpBeAU6.4.tAW0L2/nflm0O', 'Open', '2021-11-05 14:20:37', '2021-11-05 14:20:37'),
(4, 'Manik Saha', 'manik@gmail.com', '01952309730', 'Jamuna Future park, Dhaka 1211', '$2y$10$GdZypu4bGyjPin9.lyYREecsuyre8yW/2rtdkn5tvajIahURovlSa', 'Open', '2021-11-08 12:04:14', '2021-11-08 12:05:18'),
(5, 'Manik Saha', 'mlme@gmail.com', '01958309730', 'Jamuna Future park, Dhaka 1211', '$2y$10$DtT8aBt/JAk6hAw8yhW8M.L/jGFKrS2df0gwCA66uOLPdO4VNjcni', 'Open', '2021-11-26 11:26:15', '2021-11-26 11:26:15');

-- --------------------------------------------------------

--
-- Table structure for table `districts`
--

CREATE TABLE `districts` (
  `id` bigint(20) UNSIGNED NOT NULL,
  `division_id` bigint(20) UNSIGNED NOT NULL,
  `name` varchar(255) COLLATE utf8mb4_unicode_ci NOT NULL,
  `bn_name` varchar(255) COLLATE utf8mb4_unicode_ci DEFAULT NULL,
  `lat` varchar(255) COLLATE utf8mb4_unicode_ci DEFAULT NULL,
  `lon` varchar(255) COLLATE utf8mb4_unicode_ci DEFAULT NULL,
  `url` varchar(255) COLLATE utf8mb4_unicode_ci DEFAULT NULL,
  `created_at` timestamp NULL DEFAULT NULL,
  `updated_at` timestamp NULL DEFAULT NULL
) ENGINE=InnoDB DEFAULT CHARSET=utf8mb4 COLLATE=utf8mb4_unicode_ci;

--
-- Dumping data for table `districts`
--

INSERT INTO `districts` (`id`, `division_id`, `name`, `bn_name`, `lat`, `lon`, `url`, `created_at`, `updated_at`) VALUES
(1, 1, 'Comilla', 'কুমিল্লা', '23.4682747', '91.1788135', 'www.comilla.gov.bd', NULL, NULL),
(2, 1, 'Feni', 'ফেনী', '23.023231', '91.3840844', 'www.feni.gov.bd', NULL, NULL),
(3, 1, 'Brahmanbaria', 'ব্রাহ্মণবাড়িয়া', '23.9570904', '91.1119286', 'www.brahmanbaria.gov.bd', NULL, NULL),
(4, 1, 'Rangamati', 'রাঙ্গামাটি', NULL, NULL, 'www.rangamati.gov.bd', NULL, NULL),
(5, 1, 'Noakhali', 'নোয়াখালী', '22.869563', '91.099398', 'www.noakhali.gov.bd', NULL, NULL),
(6, 1, 'Chandpur', 'চাঁদপুর', '23.2332585', '90.6712912', 'www.chandpur.gov.bd', NULL, NULL),
(7, 1, 'Lakshmipur', 'লক্ষ্মীপুর', '22.942477', '90.841184', 'www.lakshmipur.gov.bd', NULL, NULL),
(8, 1, 'Chattogram', 'চট্টগ্রাম', '22.335109', '91.834073', 'www.chittagong.gov.bd', NULL, NULL),
(9, 1, 'Coxsbazar', 'কক্সবাজার', NULL, NULL, 'www.coxsbazar.gov.bd', NULL, NULL),
(10, 1, 'Khagrachhari', 'খাগড়াছড়ি', '23.119285', '91.984663', 'www.khagrachhari.gov.bd', NULL, NULL),
(11, 1, 'Bandarban', 'বান্দরবান', '22.1953275', '92.2183773', 'www.bandarban.gov.bd', NULL, NULL),
(12, 2, 'Sirajganj', 'সিরাজগঞ্জ', '24.4533978', '89.7006815', 'www.sirajganj.gov.bd', NULL, NULL),
(13, 2, 'Pabna', 'পাবনা', '23.998524', '89.233645', 'www.pabna.gov.bd', NULL, NULL),
(14, 2, 'Bogura', 'বগুড়া', '24.8465228', '89.377755', 'www.bogra.gov.bd', NULL, NULL),
(15, 2, 'Rajshahi', 'রাজশাহী', NULL, NULL, 'www.rajshahi.gov.bd', NULL, NULL),
(16, 2, 'Natore', 'নাটোর', '24.420556', '89.000282', 'www.natore.gov.bd', NULL, NULL),
(17, 2, 'Joypurhat', 'জয়পুরহাট', NULL, NULL, 'www.joypurhat.gov.bd', NULL, NULL),
(18, 2, 'Chapainawabganj', 'চাঁপাইনবাবগঞ্জ', '24.5965034', '88.2775122', 'www.chapainawabganj.gov.bd', NULL, NULL),
(19, 2, 'Naogaon', 'নওগাঁ', NULL, NULL, 'www.naogaon.gov.bd', NULL, NULL),
(20, 3, 'Jashore', 'যশোর', '23.16643', '89.2081126', 'www.jessore.gov.bd', NULL, NULL),
(21, 3, 'Satkhira', 'সাতক্ষীরা', NULL, NULL, 'www.satkhira.gov.bd', NULL, NULL),
(22, 3, 'Meherpur', 'মেহেরপুর', '23.762213', '88.631821', 'www.meherpur.gov.bd', NULL, NULL),
(23, 3, 'Narail', 'নড়াইল', '23.172534', '89.512672', 'www.narail.gov.bd', NULL, NULL),
(24, 3, 'Chuadanga', 'চুয়াডাঙ্গা', '23.6401961', '88.841841', 'www.chuadanga.gov.bd', NULL, NULL),
(25, 3, 'Kushtia', 'কুষ্টিয়া', '23.901258', '89.120482', 'www.kushtia.gov.bd', NULL, NULL),
(26, 3, 'Magura', 'মাগুরা', '23.487337', '89.419956', 'www.magura.gov.bd', NULL, NULL),
(27, 3, 'Khulna', 'খুলনা', '22.815774', '89.568679', 'www.khulna.gov.bd', NULL, NULL),
(28, 3, 'Bagerhat', 'বাগেরহাট', '22.651568', '89.785938', 'www.bagerhat.gov.bd', NULL, NULL),
(29, 3, 'Jhenaidah', 'ঝিনাইদহ', '23.5448176', '89.1539213', 'www.jhenaidah.gov.bd', NULL, NULL),
(30, 4, 'Jhalakathi', 'ঝালকাঠি', NULL, NULL, 'www.jhalakathi.gov.bd', NULL, NULL),
(31, 4, 'Patuakhali', 'পটুয়াখালী', '22.3596316', '90.3298712', 'www.patuakhali.gov.bd', NULL, NULL),
(32, 4, 'Pirojpur', 'পিরোজপুর', NULL, NULL, 'www.pirojpur.gov.bd', NULL, NULL),
(33, 4, 'Barisal', 'বরিশাল', NULL, NULL, 'www.barisal.gov.bd', NULL, NULL),
(34, 4, 'Bhola', 'ভোলা', '22.685923', '90.648179', 'www.bhola.gov.bd', NULL, NULL),
(35, 4, 'Barguna', 'বরগুনা', NULL, NULL, 'www.barguna.gov.bd', NULL, NULL),
(36, 5, 'Sylhet', 'সিলেট', '24.8897956', '91.8697894', 'www.sylhet.gov.bd', NULL, NULL),
(37, 5, 'Moulvibazar', 'মৌলভীবাজার', '24.482934', '91.777417', 'www.moulvibazar.gov.bd', NULL, NULL),
(38, 5, 'Habiganj', 'হবিগঞ্জ', '24.374945', '91.41553', 'www.habiganj.gov.bd', NULL, NULL),
(39, 5, 'Sunamganj', 'সুনামগঞ্জ', '25.0658042', '91.3950115', 'www.sunamganj.gov.bd', NULL, NULL),
(40, 6, 'Narsingdi', 'নরসিংদী', '23.932233', '90.71541', 'www.narsingdi.gov.bd', NULL, NULL),
(41, 6, 'Gazipur', 'গাজীপুর', '24.0022858', '90.4264283', 'www.gazipur.gov.bd', NULL, NULL),
(42, 6, 'Shariatpur', 'শরীয়তপুর', NULL, NULL, 'www.shariatpur.gov.bd', NULL, NULL),
(43, 6, 'Narayanganj', 'নারায়ণগঞ্জ', '23.63366', '90.496482', 'www.narayanganj.gov.bd', NULL, NULL),
(44, 6, 'Tangail', 'টাঙ্গাইল', NULL, NULL, 'www.tangail.gov.bd', NULL, NULL),
(45, 6, 'Kishoreganj', 'কিশোরগঞ্জ', '24.444937', '90.776575', 'www.kishoreganj.gov.bd', NULL, NULL),
(46, 6, 'Manikganj', 'মানিকগঞ্জ', NULL, NULL, 'www.manikganj.gov.bd', NULL, NULL),
(47, 6, 'Dhaka', 'ঢাকা', '23.7115253', '90.4111451', 'www.dhaka.gov.bd', NULL, NULL),
(48, 6, 'Munshiganj', 'মুন্সিগঞ্জ', NULL, NULL, 'www.munshiganj.gov.bd', NULL, NULL),
(49, 6, 'Rajbari', 'রাজবাড়ী', '23.7574305', '89.6444665', 'www.rajbari.gov.bd', NULL, NULL),
(50, 6, 'Madaripur', 'মাদারীপুর', '23.164102', '90.1896805', 'www.madaripur.gov.bd', NULL, NULL),
(51, 6, 'Gopalganj', 'গোপালগঞ্জ', '23.0050857', '89.8266059', 'www.gopalganj.gov.bd', NULL, NULL),
(52, 6, 'Faridpur', 'ফরিদপুর', '23.6070822', '89.8429406', 'www.faridpur.gov.bd', NULL, NULL),
(53, 7, 'Panchagarh', 'পঞ্চগড়', '26.3411', '88.5541606', 'www.panchagarh.gov.bd', NULL, NULL),
(54, 7, 'Dinajpur', 'দিনাজপুর', '25.6217061', '88.6354504', 'www.dinajpur.gov.bd', NULL, NULL),
(55, 7, 'Lalmonirhat', 'লালমনিরহাট', NULL, NULL, 'www.lalmonirhat.gov.bd', NULL, NULL),
(56, 7, 'Nilphamari', 'নীলফামারী', '25.931794', '88.856006', 'www.nilphamari.gov.bd', NULL, NULL),
(57, 7, 'Gaibandha', 'গাইবান্ধা', '25.328751', '89.528088', 'www.gaibandha.gov.bd', NULL, NULL),
(58, 7, 'Thakurgaon', 'ঠাকুরগাঁও', '26.0336945', '88.4616834', 'www.thakurgaon.gov.bd', NULL, NULL),
(59, 7, 'Rangpur', 'রংপুর', '25.7558096', '89.244462', 'www.rangpur.gov.bd', NULL, NULL),
(60, 7, 'Kurigram', 'কুড়িগ্রাম', '25.805445', '89.636174', 'www.kurigram.gov.bd', NULL, NULL),
(61, 8, 'Sherpur', 'শেরপুর', '25.0204933', '90.0152966', 'www.sherpur.gov.bd', NULL, NULL),
(62, 8, 'Mymensingh', 'ময়মনসিংহ', NULL, NULL, 'www.mymensingh.gov.bd', NULL, NULL),
(63, 8, 'Jamalpur', 'জামালপুর', '24.937533', '89.937775', 'www.jamalpur.gov.bd', NULL, NULL),
(64, 8, 'Netrokona', 'নেত্রকোণা', '24.870955', '90.727887', 'www.netrokona.gov.bd', NULL, NULL);

-- --------------------------------------------------------

--
-- Table structure for table `divisions`
--

CREATE TABLE `divisions` (
  `id` bigint(20) UNSIGNED NOT NULL,
  `name` varchar(255) COLLATE utf8mb4_unicode_ci NOT NULL,
  `bn_name` varchar(255) COLLATE utf8mb4_unicode_ci DEFAULT NULL,
  `url` varchar(255) COLLATE utf8mb4_unicode_ci DEFAULT NULL,
  `created_at` timestamp NULL DEFAULT NULL,
  `updated_at` timestamp NULL DEFAULT NULL
) ENGINE=InnoDB DEFAULT CHARSET=utf8mb4 COLLATE=utf8mb4_unicode_ci;

--
-- Dumping data for table `divisions`
--

INSERT INTO `divisions` (`id`, `name`, `bn_name`, `url`, `created_at`, `updated_at`) VALUES
(1, 'Chattagram', 'চট্টগ্রাম', 'www.chittagongdiv.gov.bd', NULL, NULL),
(2, 'Rajshahi', 'রাজশাহী', 'www.rajshahidiv.gov.bd', NULL, NULL),
(3, 'Khulna', 'খুলনা', 'www.khulnadiv.gov.bd', NULL, NULL),
(4, 'Barisal', 'বরিশাল', 'www.barisaldiv.gov.bd', NULL, NULL),
(5, 'Sylhet', 'সিলেট', 'www.sylhetdiv.gov.bd', NULL, NULL),
(6, 'Dhaka', 'ঢাকা', 'www.dhakadiv.gov.bd', NULL, NULL),
(7, 'Rangpur', 'রংপুর', 'www.rangpurdiv.gov.bd', NULL, NULL),
(8, 'Mymensingh', 'ময়মনসিংহ', 'www.mymensinghdiv.gov.bd', NULL, NULL);

-- --------------------------------------------------------

--
-- Table structure for table `failed_jobs`
--

CREATE TABLE `failed_jobs` (
  `id` bigint(20) UNSIGNED NOT NULL,
  `uuid` varchar(255) COLLATE utf8mb4_unicode_ci NOT NULL,
  `connection` text COLLATE utf8mb4_unicode_ci NOT NULL,
  `queue` text COLLATE utf8mb4_unicode_ci NOT NULL,
  `payload` longtext COLLATE utf8mb4_unicode_ci NOT NULL,
  `exception` longtext COLLATE utf8mb4_unicode_ci NOT NULL,
  `failed_at` timestamp NOT NULL DEFAULT current_timestamp()
) ENGINE=InnoDB DEFAULT CHARSET=utf8mb4 COLLATE=utf8mb4_unicode_ci;

-- --------------------------------------------------------

--
-- Table structure for table `footer`
--

CREATE TABLE `footer` (
  `ID` int(11) NOT NULL,
  `About` text NOT NULL,
  `Address` text NOT NULL,
  `Phone` varchar(15) NOT NULL,
  `Email` varchar(50) NOT NULL,
  `Facebook` text NOT NULL,
  `Twitter` text NOT NULL,
  `Linkedin` text NOT NULL,
  `Instagram` text NOT NULL,
  `Youtube` text NOT NULL,
  `created_at` datetime DEFAULT NULL,
  `updated_at` datetime DEFAULT NULL
) ENGINE=InnoDB DEFAULT CHARSET=utf8mb4;

--
-- Dumping data for table `footer`
--

INSERT INTO `footer` (`ID`, `About`, `Address`, `Phone`, `Email`, `Facebook`, `Twitter`, `Linkedin`, `Instagram`, `Youtube`, `created_at`, `updated_at`) VALUES
(1, 'Home solutions is the only property solutions provider in Bangladesh. We cater to the needs of those seeking real estate services, with a promise to make property search, renting & buying easier than ever. We offer the easiest platform that enables anyone to buy, rent or sell properties in the country.', 'Jamuna Future park, Baridhara, Dhaka 1211', '01952309730', 'manik@gmail.com', 'https://www.facebook.com', 'https://twitter.com/', 'https://www.linkedin.com', '', 'https://www.youtube.com', '2021-11-26 21:57:34', '2021-11-26 15:59:38');

-- --------------------------------------------------------

--
-- Table structure for table `galleries`
--

CREATE TABLE `galleries` (
  `id` bigint(20) UNSIGNED NOT NULL,
  `image_file` varchar(255) COLLATE utf8mb4_unicode_ci NOT NULL,
  `apartment_id` int(11) NOT NULL,
  `created_at` timestamp NULL DEFAULT NULL,
  `updated_at` timestamp NULL DEFAULT NULL
) ENGINE=InnoDB DEFAULT CHARSET=utf8mb4 COLLATE=utf8mb4_unicode_ci;

--
-- Dumping data for table `galleries`
--

INSERT INTO `galleries` (`id`, `image_file`, `apartment_id`, `created_at`, `updated_at`) VALUES
(1, '360531636668472.jpg', 1, '2021-11-11 16:07:52', '2021-11-11 16:07:52'),
(2, '420291636668472.jpg', 1, '2021-11-11 16:07:52', '2021-11-11 16:07:52');

-- --------------------------------------------------------

--
-- Table structure for table `migrations`
--

CREATE TABLE `migrations` (
  `id` int(10) UNSIGNED NOT NULL,
  `migration` varchar(255) COLLATE utf8mb4_unicode_ci NOT NULL,
  `batch` int(11) NOT NULL
) ENGINE=InnoDB DEFAULT CHARSET=utf8mb4 COLLATE=utf8mb4_unicode_ci;

--
-- Dumping data for table `migrations`
--

INSERT INTO `migrations` (`id`, `migration`, `batch`) VALUES
(1, '2014_10_12_000000_create_users_table', 1),
(2, '2014_10_12_100000_create_password_resets_table', 1),
(3, '2019_08_19_000000_create_failed_jobs_table', 1),
(4, '2021_11_05_134714_create_customers_table', 2),
(5, '2021_11_06_113746_create_sellers_table', 3),
(13, '2021_11_07_154705_create_apartments_table', 4),
(14, '2021_11_07_181923_create_galleries_table', 4),
(15, '2019_11_27_040657_create_divisions_table', 5),
(16, '2019_11_27_040723_create_districts_table', 5),
(17, '2019_11_27_040803_create_upazilas_table', 5),
(18, '2021_09_13_035432_create_unions_table', 5),
(1, '2014_10_12_000000_create_users_table', 1),
(2, '2014_10_12_100000_create_password_resets_table', 1),
(3, '2019_08_19_000000_create_failed_jobs_table', 1),
(4, '2021_11_05_134714_create_customers_table', 2),
(5, '2021_11_06_113746_create_sellers_table', 3),
(1, '2014_10_12_000000_create_users_table', 1),
(2, '2014_10_12_100000_create_password_resets_table', 1),
(3, '2019_08_19_000000_create_failed_jobs_table', 1),
(4, '2021_11_05_134714_create_customers_table', 2),
(5, '2021_11_06_113746_create_sellers_table', 3);

-- --------------------------------------------------------

--
-- Table structure for table `password_resets`
--

CREATE TABLE `password_resets` (
  `email` varchar(255) COLLATE utf8mb4_unicode_ci NOT NULL,
  `token` varchar(255) COLLATE utf8mb4_unicode_ci NOT NULL,
  `created_at` timestamp NULL DEFAULT NULL
) ENGINE=InnoDB DEFAULT CHARSET=utf8mb4 COLLATE=utf8mb4_unicode_ci;

-- --------------------------------------------------------

--
-- Table structure for table `payment`
--

CREATE TABLE `payment` (
  `ID` int(10) NOT NULL,
  `Payment_type` varchar(20) NOT NULL,
  `Payment_status` varchar(20) NOT NULL,
  `Paid_amount` int(15) NOT NULL,
  `Total_amount` int(15) NOT NULL,
  `Payment_date` date NOT NULL,
  `Due_amount` int(15) NOT NULL
) ENGINE=InnoDB DEFAULT CHARSET=utf8mb4;

-- --------------------------------------------------------

--
-- Table structure for table `sellers`
--

CREATE TABLE `sellers` (
  `id` bigint(20) UNSIGNED NOT NULL,
  `name` varchar(255) COLLATE utf8mb4_unicode_ci DEFAULT NULL,
  `email` varchar(255) COLLATE utf8mb4_unicode_ci DEFAULT NULL,
  `phone` varchar(255) COLLATE utf8mb4_unicode_ci DEFAULT NULL,
  `address` varchar(255) COLLATE utf8mb4_unicode_ci DEFAULT NULL,
  `city` varchar(255) COLLATE utf8mb4_unicode_ci DEFAULT NULL,
  `image` varchar(255) COLLATE utf8mb4_unicode_ci DEFAULT NULL,
  `password` varchar(255) COLLATE utf8mb4_unicode_ci DEFAULT NULL,
  `status` tinyint(19) NOT NULL,
  `created_at` timestamp NULL DEFAULT NULL,
  `updated_at` timestamp NULL DEFAULT NULL
) ENGINE=InnoDB DEFAULT CHARSET=utf8mb4 COLLATE=utf8mb4_unicode_ci;

--
-- Dumping data for table `sellers`
--

INSERT INTO `sellers` (`id`, `name`, `email`, `phone`, `address`, `city`, `image`, `password`, `status`, `created_at`, `updated_at`) VALUES
(1, 'Shaon Ahmed', 'shaon@gmail.com', '01623649341', '665 shainbag tajgon dhaka', 'dhaka', '746971636202277.jpg', '$2y$10$yt/fPVLZvRSndxZZHpRea.2S2NaLyTAlvE8I3zlopOvJ/rvDeTCq2', 1, '2021-11-06 05:45:25', '2021-11-06 05:45:25'),
(2, 'Shaon', 'abcf@gmail.com', '01505667781', '665 shainbag tajgon dhaka', 'dhaka', '746971636202278.jpg', '$2y$10$6FS1pARPkSEUnQmnUUGqZefu4mIgk.P17SQEaIPDgGtRkcb3QgMu2', 0, '2021-11-06 06:37:59', '2021-11-06 06:37:59'),
(1, 'Shaon Ahmed', 'shaon@gmail.com', '01623649341', '665 shainbag tajgon dhaka', 'dhaka', NULL, '$2y$10$yt/fPVLZvRSndxZZHpRea.2S2NaLyTAlvE8I3zlopOvJ/rvDeTCq2', 0, '2021-11-06 05:45:25', '2021-11-06 05:45:25'),
(2, 'Shaon', 'abcf@gmail.com', '01505667781', '665 shainbag tajgon dhaka', 'dhaka', '746971636202278.jpg', '$2y$10$6FS1pARPkSEUnQmnUUGqZefu4mIgk.P17SQEaIPDgGtRkcb3QgMu2', 0, '2021-11-06 06:37:59', '2021-11-06 06:37:59'),
(1, 'Shaon Ahmed', 'shaon@gmail.com', '01623649341', '665 shainbag tajgon dhaka', 'dhaka', NULL, '$2y$10$yt/fPVLZvRSndxZZHpRea.2S2NaLyTAlvE8I3zlopOvJ/rvDeTCq2', 0, '2021-11-06 05:45:25', '2021-11-06 05:45:25'),
(2, 'Shaon', 'abcf@gmail.com', '01505667781', '665 shainbag tajgon dhaka', 'dhaka', '746971636202278.jpg', '$2y$10$6FS1pARPkSEUnQmnUUGqZefu4mIgk.P17SQEaIPDgGtRkcb3QgMu2', 0, '2021-11-06 06:37:59', '2021-11-06 06:37:59');

-- --------------------------------------------------------

--
-- Table structure for table `unions`
--

CREATE TABLE `unions` (
  `id` bigint(20) UNSIGNED NOT NULL,
  `upazila_id` bigint(20) UNSIGNED NOT NULL,
  `name` varchar(255) COLLATE utf8mb4_unicode_ci NOT NULL,
  `bn_name` varchar(255) COLLATE utf8mb4_unicode_ci DEFAULT NULL,
  `url` varchar(255) COLLATE utf8mb4_unicode_ci DEFAULT NULL,
  `created_at` timestamp NULL DEFAULT NULL,
  `updated_at` timestamp NULL DEFAULT NULL
) ENGINE=InnoDB DEFAULT CHARSET=utf8mb4 COLLATE=utf8mb4_unicode_ci;

--
-- Dumping data for table `unions`
--

INSERT INTO `unions` (`id`, `upazila_id`, `name`, `bn_name`, `url`, `created_at`, `updated_at`) VALUES
(1, 1, 'Subil', 'সুবিল', 'subilup.comilla.gov.bd', NULL, NULL),
(2, 1, 'North Gunaighor', 'উত্তর গুনাইঘর', 'gunaighornorthup.comilla.gov.bd', NULL, NULL),
(3, 1, 'South Gunaighor', 'দক্ষিণ গুনাইঘর', 'gunaighorsouth.comilla.gov.bd', NULL, NULL),
(4, 1, 'Boroshalghor', 'বড়শালঘর', 'boroshalghorup.comilla.gov.bd', NULL, NULL),
(5, 1, 'Rajameher', 'রাজামেহার', 'rajameherup.comila.gov.bd', NULL, NULL),
(6, 1, 'Yousufpur', 'ইউসুফপুর', 'yousufpurup.comilla.gov.bd', NULL, NULL),
(7, 1, 'Rasulpur', 'রসুলপুর', 'rasulpurup.comilla.gov.bd', NULL, NULL),
(8, 1, 'Fatehabad', 'ফতেহাবাদ', 'fatehabadup.comilla.gov.bd', NULL, NULL),
(9, 1, 'Elahabad', 'এলাহাবাদ', 'elahabadup.comilla.gov.bd', NULL, NULL),
(10, 1, 'Jafargonj', 'জাফরগঞ্জ', 'jafargonjup.comilla.gov.bd', NULL, NULL),
(11, 1, 'Dhampti', 'ধামতী', 'dhamptiup.comilla.gov.bd', NULL, NULL),
(12, 1, 'Mohanpur', 'মোহনপুর', 'mohanpurup.comilla.gov.bd', NULL, NULL),
(13, 1, 'Vani', 'ভানী', 'vaniup.comilla.gov.bd', NULL, NULL),
(14, 1, 'Barkamta', 'বরকামতা', 'barkamtaup.comilla.gov.bd', NULL, NULL),
(15, 1, 'Sultanpur', 'সুলতানপুর', 'sultanpurup.comilla.gov.bd', NULL, NULL),
(16, 2, 'Aganagar', 'আগানগর', 'aganagarup.comilla.gov.bd', NULL, NULL),
(17, 2, 'Bhabanipur', 'ভবানীপুর', 'bhabanipurup.comilla.gov.bd', NULL, NULL),
(18, 2, 'North Khoshbas', 'উত্তর খোশবাস', 'khoshbasnorthup.comilla.gov.bd', NULL, NULL),
(19, 2, 'South Khoshbas', 'দক্ষিন খোশবাস', 'khoshbassouthup.comilla.gov.bd', NULL, NULL),
(20, 2, 'Jhalam', 'ঝলম', 'jhalamup.comilla.gov.bd', NULL, NULL),
(21, 2, 'Chitodda', 'চিতড্ডা', 'chitoddaup.comilla.gov.bd', NULL, NULL),
(22, 2, 'North Shilmuri', 'উত্তর শিলমুড়ি', 'shilmurinorthup.comilla.gov.bd', NULL, NULL),
(23, 2, 'South Shilmuri', 'দক্ষিন শিলমুড়ি', 'shilmurisouthup.comilla.gov.bd', NULL, NULL),
(24, 2, 'Galimpur', 'গালিমপুর', 'galimpurup.comilla.gov.bd', NULL, NULL),
(25, 2, 'Shakpur', 'শাকপুর', 'shakpurup.comilla.gov.bd', NULL, NULL),
(26, 2, 'Bhaukshar', 'ভাউকসার', 'bhauksharup.comilla.gov.bd', NULL, NULL),
(27, 2, 'Adda', 'আড্ডা', 'addaup.comilla.gov.bd', NULL, NULL),
(28, 2, 'Adra', 'আদ্রা', 'adraup.comilla.gov.bd', NULL, NULL),
(29, 2, 'Payalgacha', 'পয়ালগাছা', 'payalgachaup.comilla.gov.bd', NULL, NULL),
(30, 2, 'Laxmipur', 'লক্ষীপুর', 'laxmipurup.comilla.gov.bd', NULL, NULL),
(31, 3, 'Shidli', 'শিদলাই', 'shidliup.comilla.gov.bd', NULL, NULL),
(32, 3, 'Chandla', 'চান্দলা', 'chandlaup.comilla.gov.bd', NULL, NULL),
(33, 3, 'Shashidal', 'শশীদল', 'shashidalup.comilla.gov.bd', NULL, NULL),
(34, 3, 'Dulalpur', 'দুলালপুর', 'dulalpurup2.comilla.gov.bd', NULL, NULL),
(35, 3, 'Brahmanpara Sadar', 'ব্রাহ্মনপাড়া সদর', 'brahmanparasadarup.comilla.gov.bd', NULL, NULL),
(36, 3, 'Shahebabad', 'সাহেবাবাদ', 'shahebabadup.comilla.gov.bd', NULL, NULL),
(37, 3, 'Malapara', 'মালাপাড়া', 'malaparaup.comilla.gov.bd', NULL, NULL),
(38, 3, 'Madhabpur', 'মাধবপুর', 'madhabpurup.comilla.gov.bd', NULL, NULL),
(39, 4, 'Shuhilpur', 'সুহিলপুর', 'shuhilpurup.comilla.gov.bd', NULL, NULL),
(40, 4, 'Bataghashi', 'বাতাঘাসি', 'bataghashiup.comilla.gov.bd', NULL, NULL),
(41, 4, 'Joag', 'জোয়াগ', 'joagup.comilla.gov.bd', NULL, NULL),
(42, 4, 'Borcarai', 'বরকরই', 'borcaraiup.comilla.gov.bd', NULL, NULL),
(43, 4, 'Madhaiya', 'মাধাইয়া', 'madhaiyaup.comilla.gov.bd', NULL, NULL),
(44, 4, 'Dollai Nowabpur', 'দোল্লাই নবাবপুর', 'dollainowabpurup.comilla.gov.bd', NULL, NULL),
(45, 4, 'Mohichial', 'মহিচাইল', 'mohichialup.comilla.gov.bd', NULL, NULL),
(46, 4, 'Gollai', 'গল্লাই', 'gollaiup.comilla.gov.bd', NULL, NULL),
(47, 4, 'Keronkhal', 'কেরণখাল', 'keronkhalup.comilla.gov.bd', NULL, NULL),
(48, 4, 'Maijkhar', 'মাইজখার', 'maijkharup.comilla.gov.bd', NULL, NULL),
(49, 4, 'Etberpur', 'এতবারপুর', 'etberpurup.comilla.gov.bd', NULL, NULL),
(50, 4, 'Barera', 'বাড়েরা', 'bareraup.comilla.gov.bd', NULL, NULL),
(51, 4, 'Borcoit', 'বরকইট', 'borcoitup.comilla.gov.bd', NULL, NULL),
(52, 5, 'Sreepur', 'শ্রীপুর', 'sreepurup.comilla.gov.bd', NULL, NULL),
(53, 5, 'Kashinagar', 'কাশিনগর', 'kashinagarup.comilla.gov.bd', NULL, NULL),
(54, 5, 'Kalikapur', 'কালিকাপুর', 'kalikapurup.comilla.gov.bd', NULL, NULL),
(55, 5, 'Shuvapur', 'শুভপুর', 'shuvapurup.comilla.gov.bd', NULL, NULL),
(56, 5, 'Ghulpasha', 'ঘোলপাশা', 'ghulpashaup.comilla.gov.bd', NULL, NULL),
(57, 5, 'Moonshirhat', 'মুন্সীরহাট', 'moonshirhatup.comilla.gov.bd', NULL, NULL),
(58, 5, 'Batisha', 'বাতিসা', 'batishaup.comilla.gov.bd', NULL, NULL),
(59, 5, 'Kankapait', 'কনকাপৈত', 'kankapaitup.comilla.gov.bd', NULL, NULL),
(60, 5, 'Cheora', 'চিওড়া', 'cheoraup.comilla.gov.bd', NULL, NULL),
(61, 5, 'Jagannatdighi', 'জগন্নাথদিঘী', 'jagannatdighiup.comilla.gov.bd', NULL, NULL),
(62, 5, 'Goonabati', 'গুনবতী', 'goonabatiup.comilla.gov.bd', NULL, NULL),
(63, 5, 'Alkara', 'আলকরা', 'alkaraup.comilla.gov.bd', NULL, NULL),
(64, 6, 'Doulotpur', 'দৌলতপুর', 'doulotpurup.comilla.gov.bd', NULL, NULL),
(65, 6, 'Daudkandi', 'দাউদকান্দি', 'daudkandinorthup.comilla.gov.bd', NULL, NULL),
(66, 6, 'North Eliotgonj', 'উত্তর ইলিয়টগঞ্জ', 'eliotgonjnorthup.comilla.gov.bd', NULL, NULL),
(67, 6, 'South Eliotgonj', 'দক্ষিন ইলিয়টগঞ্জ', 'eliotgonjsouthup.comilla.gov.bd', NULL, NULL),
(68, 6, 'Zinglatoli', 'জিংলাতলী', 'zinglatoliup.comilla.gov.bd', NULL, NULL),
(69, 6, 'Sundolpur', 'সুন্দলপুর', 'sundolpurup.comilla.gov.bd', NULL, NULL),
(70, 6, 'Gouripur', 'গৌরীপুর', 'gouripurup.comilla.gov.bd', NULL, NULL),
(71, 6, 'East Mohammadpur', 'পুর্ব মোহাম্মদপুর', 'mohammadpureastup.comilla.gov.bd', NULL, NULL),
(72, 6, 'West Mohammadpur', 'পশ্চিম মোহাম্মদপুর', 'mohammadpurwestup.comilla.gov.bd', NULL, NULL),
(73, 6, 'Goalmari', 'গোয়ালমারী', 'goalmariup.comilla.gov.bd', NULL, NULL),
(74, 6, 'Maruka', 'মারুকা', 'marukaup.comilla.gov.bd', NULL, NULL),
(75, 6, 'Betessor', 'বিটেশ্বর', 'betessorup.comilla.gov.bd', NULL, NULL),
(76, 6, 'Podua', 'পদুয়া', 'poduaup.comilla.gov.bd', NULL, NULL),
(77, 6, 'West Passgacia', 'পশ্চিম পাচঁগাছিয়া', 'passgaciawestup.comilla.gov.bd', NULL, NULL),
(78, 6, 'Baropara', 'বারপাড়া', 'baroparaup2.comilla.gov.bd', NULL, NULL),
(79, 7, 'Mathabanga', 'মাথাভাঙ্গা', 'mathabangaup.comilla.gov.bd', NULL, NULL),
(80, 7, 'Gagutiea', 'ঘাগুটিয়া', 'gagutieaup.comilla.gov.bd', NULL, NULL),
(81, 7, 'Asadpur', 'আছাদপুর', 'asadpurup.comilla.gov.bd', NULL, NULL),
(82, 7, 'Chanderchor', 'চান্দেরচর', 'chanderchorup.comilla.gov.bd', NULL, NULL),
(83, 7, 'Vashania', 'ভাষানিয়া', 'vashaniaup.comilla.gov.bd', NULL, NULL),
(84, 7, 'Nilokhi', 'নিলখী', 'nilokhiup.comilla.gov.bd', NULL, NULL),
(85, 7, 'Garmora', 'ঘারমোড়া', 'garmoraup.comilla.gov.bd', NULL, NULL),
(86, 7, 'Joypur', 'জয়পুর', 'joypurup.comilla.gov.bd', NULL, NULL),
(87, 7, 'Dulalpur', 'দুলালপুর', 'dulalpurup1.comilla.gov.bd', NULL, NULL),
(88, 8, 'Bakoi', 'বাকই', 'bakoiup.comilla.gov.bd', NULL, NULL),
(89, 8, 'Mudafargonj', 'মুদাফফর গঞ্জ', 'mudafargonjup.comilla.gov.bd', NULL, NULL),
(90, 8, 'Kandirpar', 'কান্দিরপাড়', 'kandirparup.comilla.gov.bd', NULL, NULL),
(91, 8, 'Gobindapur', 'গোবিন্দপুর', 'gobindapurup.comilla.gov.bd', NULL, NULL),
(92, 8, 'Uttarda', 'উত্তরদা', 'uttardaup.comilla.gov.bd', NULL, NULL),
(93, 8, 'Laksam Purba', 'লাকসাম পুর্ব', 'laksampurbaup.comilla.gov.bd', NULL, NULL),
(94, 8, 'Azgora', 'আজগরা', 'azgoraup.comilla.gov.bd', NULL, NULL),
(95, 9, 'Sreekil', 'শ্রীকাইল', 'sreekilup.comilla.gov.bd', NULL, NULL),
(96, 9, 'Akubpur', 'আকুবপুর', 'akubpurup.comilla.gov.bd', NULL, NULL),
(97, 9, 'Andicot', 'আন্দিকোট', 'andicotup.comilla.gov.bd', NULL, NULL),
(98, 9, 'Purbadair (East)', 'পুর্বধৈইর (পুর্ব)', 'purbadaireastup.comilla.gov.bd', NULL, NULL),
(99, 9, 'Purbadair (West)', 'পুর্বধৈইর (পশ্চিম)', 'purbadairwestup.comilla.gov.bd', NULL, NULL),
(100, 9, 'Bangara (East)', 'বাঙ্গরা (পূর্ব)', 'bangaraeastup.comilla.gov.bd', NULL, NULL),
(101, 9, 'Bangara (West)', 'বাঙ্গরা (পশ্চিম)', 'bangarawestup.comilla.gov.bd', NULL, NULL),
(102, 9, 'Chapitala', 'চাপিতলা', 'chapitalaup.comilla.gov.bd', NULL, NULL),
(103, 9, 'Camalla', 'কামাল্লা', 'camallaup.comilla.gov.bd', NULL, NULL),
(104, 9, 'Jatrapur', 'যাত্রাপুর', 'jatrapurup.comilla.gov.bd', NULL, NULL),
(105, 9, 'Ramachandrapur (North)', 'রামচন্দ্রপুর (উত্তর)', 'ramachandrapurnorthup.comilla.gov.bd', NULL, NULL),
(106, 9, 'Ramachandrapur (South)', 'রামচন্দ্রপুর (দক্ষিন)', 'ramachandrapursouthup.comilla.gov.bd', NULL, NULL),
(107, 9, 'Muradnagar Sadar', 'মুরাদনগর সদর', 'muradnagarsadarup.comilla.gov.bd', NULL, NULL),
(108, 9, 'Nobipur (East)', 'নবীপুর (পুর্ব)', 'nobipureastup.comilla.gov.bd', NULL, NULL),
(109, 9, 'Nobipur (West)', 'নবীপুর (পশ্চিম)', 'nobipurwestup.comilla.gov.bd', NULL, NULL),
(110, 9, 'Damgar', 'ধামঘর', 'damgarup.comilla.gov.bd', NULL, NULL),
(111, 9, 'Jahapur', 'জাহাপুর', 'jahapurup.comilla.gov.bd', NULL, NULL),
(112, 9, 'Salikandi', 'ছালিয়াকান্দি', 'salikandiup.comilla.gov.bd', NULL, NULL),
(113, 9, 'Darura', 'দারোরা', 'daruraup.comilla.gov.bd', NULL, NULL),
(114, 9, 'Paharpur', 'পাহাড়পুর', 'paharpurup.comilla.gov.bd', NULL, NULL),
(115, 9, 'Babutipara', 'বাবুটিপাড়া', 'babutiparaup.comilla.gov.bd', NULL, NULL),
(116, 9, 'Tanki', 'টনকী', 'tankiup.comilla.gov.bd', NULL, NULL),
(117, 10, 'Bangadda', 'বাঙ্গড্ডা', 'bangadda.comilla.gov.bd', NULL, NULL),
(118, 10, 'Paria', 'পেরিয়া', 'pariaup.comilla.gov.bd', NULL, NULL),
(119, 10, 'Raykot', 'রায়কোট', 'raykotup.comilla.gov.bd', NULL, NULL),
(120, 10, 'Mokara', 'মোকরা', 'mokaraup.comilla.gov.bd', NULL, NULL),
(121, 10, 'Makrabpur', 'মক্রবপুর', 'makrabpurup.comilla.gov.bd', NULL, NULL),
(122, 10, 'Heshakhal', 'হেসাখাল', 'heshakhalup.comilla.gov.bd', NULL, NULL),
(123, 10, 'Adra', 'আদ্রা', 'adraup.comilla.gov.bd', NULL, NULL),
(124, 10, 'Judda', 'জোড্ডা', 'juddaup.comilla.gov.bd', NULL, NULL),
(125, 10, 'Dhalua', 'ঢালুয়া', 'dhaluaup.comilla.gov.bd', NULL, NULL),
(126, 10, 'Doulkha', 'দৌলখাঁড়', 'doulkhaup.comilla.gov.bd', NULL, NULL),
(127, 10, 'Boxgonj', 'বক্সগঞ্জ', 'boxgonjup.comilla.gov.bd', NULL, NULL),
(128, 10, 'Satbaria', 'সাতবাড়ীয়া', 'satbariaup.comilla.gov.bd', NULL, NULL),
(129, 11, 'Kalirbazer', 'কালীর বাজার', 'kalirbazerup.comilla.gov.bd', NULL, NULL),
(130, 11, 'North Durgapur', 'উত্তর দুর্গাপুর', 'durgapurnorthup.comilla.gov.bd', NULL, NULL),
(131, 11, 'South Durgapur', 'দক্ষিন দুর্গাপুর', 'durgapursouthup.comilla.gov.bd', NULL, NULL),
(132, 11, 'Amratoli', 'আমড়াতলী', 'amratoliup.comilla.gov.bd', NULL, NULL),
(133, 11, 'Panchthubi', 'পাঁচথুবী', 'panchthubiup.comilla.gov.bd', NULL, NULL),
(134, 11, 'Jagannatpur', 'জগন্নাথপুর', 'jagannatpurup.comilla.gov.bd', NULL, NULL),
(135, 12, 'Chandanpur', 'চন্দনপুর', 'chandanpurup.comilla.gov.bd', NULL, NULL),
(136, 12, 'Chalibanga', 'চালিভাঙ্গা', 'chalibangaup.comilla.gov.bd', NULL, NULL),
(137, 12, 'Radanagar', 'রাধানগর', 'radanagarup.comilla.gov.bd', NULL, NULL),
(138, 12, 'Manikarchar', 'মানিকারচর', 'manikarcharup.comilla.gov.bd', NULL, NULL),
(139, 12, 'Barakanda', 'বড়কান্দা', 'barakandaup.comilla.gov.bd', NULL, NULL),
(140, 12, 'Govindapur', 'গোবিন্দপুর', 'govindapurup1.comilla.gov.bd', NULL, NULL),
(141, 12, 'Luterchar', 'লুটেরচর', 'lutercharup.comilla.gov.bd', NULL, NULL),
(142, 12, 'Vaorkhola', 'ভাওরখোলা', 'vaorkholaup.comilla.gov.bd', NULL, NULL),
(143, 13, 'Baishgaon', 'বাইশগাঁও', 'baishgaonup.comilla.gov.bd', NULL, NULL),
(144, 13, 'Shoroshpur', 'সরসপুর', 'shoroshpurup.comilla.gov.bd', NULL, NULL),
(145, 13, 'Hasnabad', 'হাসনাবাদ', 'hasnabadup.comilla.gov.bd', NULL, NULL),
(146, 13, 'Jholam (North)', 'ঝলম (উত্তর)', 'jholamnorthup.comilla.gov.bd', NULL, NULL),
(147, 13, 'Jholam (South)', 'ঝলম (দক্ষিন)', 'jholamsouthup.comilla.gov.bd', NULL, NULL),
(148, 13, 'Moishatua', 'মৈশাতুয়া', 'moishatuaup.comilla.gov.bd', NULL, NULL),
(149, 13, 'Lokkhanpur', 'লক্ষনপুর', 'lokkhanpurup.comilla.gov.bd', NULL, NULL),
(150, 13, 'Khela', 'খিলা', 'khelaup.comilla.gov.bd', NULL, NULL),
(151, 13, 'Uttarhowla', 'উত্তর হাওলা', 'uttarhowlaup.comilla.gov.bd', NULL, NULL),
(152, 13, 'Natherpetua', 'নাথেরপেটুয়া', 'natherpetuaup.comilla.gov.bd', NULL, NULL),
(153, 13, 'Bipulashar', 'বিপুলাসার', 'bipulasharup.comilla.gov.bd', NULL, NULL),
(154, 14, 'Chuwara', 'চৌয়ারা', 'chuwaraup.comilla.gov.bd', NULL, NULL),
(155, 14, 'Baropara', 'বারপাড়া', 'baroparaup1.comilla.gov.bd', NULL, NULL),
(156, 14, 'Jorkanoneast', 'জোড়কানন (পুর্ব)', 'jorkanoneastup.comilla.gov.bd', NULL, NULL),
(157, 14, 'Goliara', 'গলিয়ারা', 'goliaraup.comilla.gov.bd', NULL, NULL),
(158, 14, 'Jorkanonwest', 'জোড়কানন (পশ্চিম)', 'jorkanonwestup.comilla.gov.bd', NULL, NULL),
(159, 14, 'Bagmara (North)', 'বাগমারা (উত্তর)', 'bagmaranorthup.comilla.gov.bd', NULL, NULL),
(160, 14, 'Bagmara (South)', 'বাগমারা (দক্ষিন)', 'bagmarasouthup.comilla.gov.bd', NULL, NULL),
(161, 14, 'Bhuloin (North)', 'ভূলইন (উত্তর)', 'bhuloinnorthup.comilla.gov.bd', NULL, NULL),
(162, 14, 'Bhuloin (South)', 'ভূলইন (দক্ষিন)', 'bhuloinsouthup.comilla.gov.bd', NULL, NULL),
(163, 14, 'Belgor (North)', 'বেলঘর (উত্তর)', 'belgornorthup.comilla.gov.bd', NULL, NULL),
(164, 14, 'Belgor (South)', 'বেলঘর (দক্ষিন)', 'belgorsouthup.comilla.gov.bd', NULL, NULL),
(165, 14, 'Perul (North)', 'পেরুল (উত্তর)', 'perulnorthup.comilla.gov.bd', NULL, NULL),
(166, 14, 'Perul (South)', 'পেরুল (দক্ষিন)', 'perulsouthup.comilla.gov.bd', NULL, NULL),
(167, 14, 'Bijoypur', 'বিজয়পুর', 'bijoypurup.comilla.gov.bd', NULL, NULL),
(168, 15, 'Satani', 'সাতানী', 'sataniup.comilla.gov.bd', NULL, NULL),
(169, 15, 'Jagatpur', 'জগতপুর', 'jagatpurup.comilla.gov.bd', NULL, NULL),
(170, 15, 'Balorampur', 'বলরামপুর', 'balorampurup.comilla.gov.bd', NULL, NULL),
(171, 15, 'Karikandi', 'কড়িকান্দি', 'karikandiup.comilla.gov.bd', NULL, NULL),
(172, 15, 'Kalakandi', 'কলাকান্দি', 'kalakandiup.comilla.gov.bd', NULL, NULL),
(173, 15, 'Vitikandi', 'ভিটিকান্দি', 'vitikandiup.comilla.gov.bd', NULL, NULL),
(174, 15, 'Narayandia', 'নারান্দিয়া', 'narayandiaup.comilla.gov.bd', NULL, NULL),
(175, 15, 'Zearkandi', 'জিয়ারকান্দি', 'zearkandiup.comilla.gov.bd', NULL, NULL),
(176, 15, 'Majidpur', 'মজিদপুর', 'majidpurup.comilla.gov.bd', NULL, NULL),
(177, 16, 'Moynamoti', 'ময়নামতি', 'moynamotiup.comilla.gov.bd', NULL, NULL),
(178, 16, 'Varella', 'ভারেল্লা', 'varellaup.comilla.gov.bd', NULL, NULL),
(179, 16, 'Mokam', 'মোকাম', 'mokamup.comilla.gov.bd', NULL, NULL),
(180, 16, 'Burichang Sadar', 'বুড়িচং সদর', 'burichangsadarup.comilla.gov.bd', NULL, NULL),
(181, 16, 'Bakshimul', 'বাকশীমূল', 'bakshimulup.comilla.gov.bd', NULL, NULL),
(182, 16, 'Pirjatrapur', 'পীরযাত্রাপুর', 'pirjatrapurup.comilla.gov.bd', NULL, NULL),
(183, 16, 'Sholonal', 'ষোলনল', 'sholonalup.comilla.gov.bd', NULL, NULL),
(184, 16, 'Rajapur', 'রাজাপুর', 'rajapurup.comilla.gov.bd', NULL, NULL),
(185, 17, 'Bagmara (North)', 'বাগমারা (উত্তর)', 'bagmaranorthup.comilla.gov.bd', NULL, NULL),
(186, 17, 'Bagmara (South)', 'বাগমারা (দক্ষিন)', 'bagmarasouthup.comilla.gov.bd', NULL, NULL),
(187, 17, 'Bhuloin (North)', 'ভূলইন (উত্তর)', 'bhuloinnorthup.comilla.gov.bd', NULL, NULL),
(188, 17, 'Bhuloin (South)', 'ভূলইন (দক্ষিন)', 'bhuloinsouthup.comilla.gov.bd', NULL, NULL),
(189, 17, 'Belgor (North)', 'বেলঘর (উত্তর)', 'belgornorthup.comilla.gov.bd', NULL, NULL),
(190, 17, 'Belgor (South)', 'বেলঘর (দক্ষিন)', 'belgorsouthup.comilla.gov.bd', NULL, NULL),
(191, 17, 'Perul (North)', 'পেরুল (উত্তর)', 'perulnorthup.comilla.gov.bd', NULL, NULL),
(192, 17, 'Perul (South)', 'পেরুল (দক্ষিন)', 'perulsouthup.comilla.gov.bd', NULL, NULL),
(193, 18, 'Mohamaya', 'মহামায়া', 'mohamayaup.feni.gov.bd', NULL, NULL),
(194, 18, 'Pathannagar', 'পাঠাননগর', 'pathannagarup.feni.gov.bd', NULL, NULL),
(195, 18, 'Subhapur', 'শুভপুর', 'subhapurup.feni.gov.bd', NULL, NULL),
(196, 18, 'Radhanagar', 'রাধানগর', 'radhanagarup.feni.gov.bd', NULL, NULL),
(197, 18, 'Gopal', 'ঘোপাল', 'gopalup.feni.gov.bd', NULL, NULL),
(198, 19, 'Sarishadi', 'শর্শদি', 'sarishadiup.feni.gov.bd', NULL, NULL),
(199, 19, 'Panchgachia', 'পাঁচগাছিয়া', 'panchgachiaup.feni.gov.bd', NULL, NULL),
(200, 19, 'Dhormapur', 'ধর্মপুর', 'dhormapurup.feni.gov.bd', NULL, NULL),
(201, 19, 'Kazirbag', 'কাজিরবাগ', 'kazirbagup.feni.gov.bd', NULL, NULL),
(202, 19, 'Kalidah', 'কালিদহ', 'kalidahup.feni.gov.bd', NULL, NULL),
(203, 19, 'Baligaon', 'বালিগাঁও', 'baligaonup.feni.gov.bd', NULL, NULL),
(204, 19, 'Dholia', 'ধলিয়া', 'dholiaup.feni.gov.bd', NULL, NULL),
(205, 19, 'Lemua', 'লেমুয়া', 'lemuaup.feni.gov.bd', NULL, NULL),
(206, 19, 'Chonua', 'ছনুয়া', 'chonuaup.feni.gov.bd', NULL, NULL),
(207, 19, 'Motobi', 'মোটবী', 'motobiup.feni.gov.bd', NULL, NULL),
(208, 19, 'Fazilpur', 'ফাজিলপুর', 'fazilpurup.feni.gov.bd', NULL, NULL),
(209, 19, 'Forhadnogor', 'ফরহাদনগর', 'forhadnogorup.feni.gov.bd', NULL, NULL),
(210, 20, 'Charmozlishpur', 'চরমজলিশপুর', 'charmozlishpurup.feni.gov.bd', NULL, NULL),
(211, 20, 'Bogadana', 'বগাদানা', 'bogadanaup.feni.gov.bd', NULL, NULL),
(212, 20, 'Motigonj', 'মতিগঞ্জ', 'motigonjup.feni.gov.bd', NULL, NULL),
(213, 20, 'Mongolkandi', 'মঙ্গলকান্দি', 'mongolkandiup.feni.gov.bd', NULL, NULL),
(214, 20, 'Chardorbesh', 'চরদরবেশ', 'chardorbeshup.feni.gov.bd', NULL, NULL),
(215, 20, 'Chorchandia', 'চরচান্দিয়া', 'chorchandiaup.feni.gov.bd', NULL, NULL),
(216, 20, 'Sonagazi', 'সোনাগাজী', 'sonagaziup.feni.gov.bd', NULL, NULL),
(217, 20, 'Amirabad', 'আমিরাবাদ', 'amirabadup.feni.gov.bd', NULL, NULL),
(218, 20, 'Nababpur', 'নবাবপুর', 'nababpurup.feni.gov.bd', NULL, NULL),
(219, 21, 'Fulgazi', 'ফুলগাজী', 'fulgaziup.feni.gov.bd', NULL, NULL),
(220, 21, 'Munshirhat', 'মুন্সিরহাট', 'munshirhatup.feni.gov.bd', NULL, NULL),
(221, 21, 'Dorbarpur', 'দরবারপুর', 'dorbarpurup.feni.gov.bd', NULL, NULL),
(222, 21, 'Anandopur', 'আনন্দপুর', 'anandopurup.feni.gov.bd', NULL, NULL),
(223, 21, 'Amzadhat', 'আমজাদহাট', 'amzadhatup.feni.gov.bd', NULL, NULL),
(224, 21, 'Gmhat', 'জি,এম, হাট', 'gmhatup.feni.gov.bd', NULL, NULL),
(225, 22, 'Mizanagar', 'মির্জানগর', 'mizanagarup.feni.gov.bd', NULL, NULL),
(226, 22, 'Ctholia', 'চিথলিয়া', 'ctholiaup.feni.gov.bd', NULL, NULL),
(227, 22, 'Boxmahmmud', 'বক্সমাহমুদ', 'boxmahmmudup.feni.gov.bd', NULL, NULL),
(228, 23, 'Sindurpur', 'সিন্দুরপুর', 'sindurpurup.feni.gov.bd', NULL, NULL),
(229, 23, 'Rajapur', 'রাজাপুর', 'rajapurup.feni.gov.bd', NULL, NULL),
(230, 23, 'Purbachandrapur', 'পূর্বচন্দ্রপুর', 'purbachandrapurup.feni.gov.bd', NULL, NULL),
(231, 23, 'Ramnagar', 'রামনগর', 'ramnagarup.feni.gov.bd', NULL, NULL),
(232, 23, 'Yeakubpur', 'ইয়াকুবপুর', 'yeakubpur.feni.gov.bd', NULL, NULL),
(233, 23, 'Daganbhuiyan', 'দাগনভূঞা', 'daganbhuiyanup.feni.gov.bd', NULL, NULL),
(234, 23, 'Matubhuiyan', 'মাতুভূঞা', 'matubhuiyanup.feni.gov.bd', NULL, NULL),
(235, 23, 'Jayloskor', 'জায়লস্কর', 'jayloskorup.feni.gov.bd', NULL, NULL),
(236, 24, 'Basudeb', 'বাসুদেব', 'basudeb.brahmanbaria.gov.bd', NULL, NULL),
(237, 24, 'Machihata', 'মাছিহাতা', 'machihata.brahmanbaria.gov.bd', NULL, NULL),
(238, 24, 'Sultanpur', 'সুলতানপুর', 'sultanpur.brahmanbaria.gov.bd', NULL, NULL),
(239, 24, 'Ramrail', 'রামরাইল', 'ramrail.brahmanbaria.gov.bd', NULL, NULL),
(240, 24, 'Sadekpur', 'সাদেকপুর', 'sadekpur.brahmanbaria.gov.bd', NULL, NULL),
(241, 24, 'Talsahar', 'তালশহর', 'talsahar.brahmanbaria.gov.bd', NULL, NULL),
(242, 24, 'Natai', 'নাটাই (দক্ষিন)', 'natais.brahmanbaria.gov.bd', NULL, NULL),
(243, 24, 'Natai', 'নাটাই (উত্তর)', 'natain.brahmanbaria.gov.bd', NULL, NULL),
(244, 24, 'Shuhilpur', 'সুহিলপুর', 'shuhilpur.brahmanbaria.gov.bd', NULL, NULL),
(245, 24, 'Bodhal', 'বুধল', 'bodhal.brahmanbaria.gov.bd', NULL, NULL),
(246, 24, 'Majlishpur', 'মজলিশপুর', 'majlishpur.brahmanbaria.gov.bd', NULL, NULL),
(247, 25, 'Mulagram', 'মূলগ্রাম', 'mulagramup.brahmanbaria.gov.bd', NULL, NULL),
(248, 25, 'Mehari', 'মেহারী', 'mehariup.brahmanbaria.gov.bd', NULL, NULL),
(249, 25, 'Badair', 'বাদৈর', 'badairup.brahmanbaria.gov.bd', NULL, NULL),
(250, 25, 'Kharera', 'খাড়েরা', 'khareraup.brahmanbaria.gov.bd', NULL, NULL),
(251, 25, 'Benauty', 'বিনাউটি', 'benautyup.brahmanbaria.gov.bd', NULL, NULL),
(252, 25, 'Gopinathpur', 'গোপীনাথপুর', 'gopinathpurup.brahmanbaria.gov.bd', NULL, NULL),
(253, 25, 'Kasbaw', 'কসবা', 'kasbawup.brahmanbaria.gov.bd', NULL, NULL),
(254, 25, 'Kuti', 'কুটি', 'kutiup.brahmanbaria.gov.bd', NULL, NULL),
(255, 25, 'Kayempur', 'কাইমপুর', 'kayempurup.brahmanbaria.gov.bd', NULL, NULL),
(256, 25, 'Bayek', 'বায়েক', 'bayekup.brahmanbaria.gov.bd', NULL, NULL),
(257, 26, 'Chatalpar', 'চাতলপাড়', 'chatalparup.brahmanbaria.gov.bd', NULL, NULL),
(258, 26, 'Bhalakut', 'ভলাকুট', 'bhalakutup.brahmanbaria.gov.bd ', NULL, NULL),
(259, 26, 'Kunda', 'কুন্ডা', 'kundaup.brahmanbaria.gov.bd', NULL, NULL),
(260, 26, 'Goalnagar', 'গোয়ালনগর', 'goalnagarup.brahmanbaria.gov.bd', NULL, NULL),
(261, 26, 'Nasirnagar', 'নাসিরনগর', 'nasirnagarup.brahmanbaria.gov.bd', NULL, NULL),
(262, 26, 'Burishwar', 'বুড়িশ্বর', 'burishwarup.brahmanbaria.gov.bd', NULL, NULL),
(263, 26, 'Fandauk', 'ফান্দাউক', 'fandaukup.brahmanbaria.gov.bd', NULL, NULL),
(264, 26, 'Goniauk', 'গুনিয়াউক', 'goniaukup.brahmanbaria.gov.bd', NULL, NULL),
(265, 26, 'Chapartala', 'চাপৈরতলা', 'chapartalaup.brahmanbaria.gov.bd', NULL, NULL),
(266, 26, 'Dharnondol', 'ধরমন্ডল', 'dharnondolup.brahmanbaria.gov.bd', NULL, NULL),
(267, 26, 'Haripur', 'হরিপুর', 'haripurup.brahmanbaria.gov.bd', NULL, NULL),
(268, 26, 'Purbabhag', 'পূর্বভাগ', 'purbabhagup.brahmanbaria.gov.bd', NULL, NULL),
(269, 26, 'Gokarna', 'গোকর্ণ', 'gokarnaup.brahmanbaria.gov.bd', NULL, NULL),
(270, 27, 'Auraol', 'অরুয়াইল', 'auraolup.brahmanbaria.gov.bd', NULL, NULL),
(271, 27, 'Pakshimuul', 'পাকশিমুল', 'pakshimuulup.brahmanbaria.gov.bd', NULL, NULL),
(272, 27, 'Chunta', 'চুন্টা', 'chuntaup.brahmanbaria.gov.bd', NULL, NULL),
(273, 27, 'Kalikaccha', 'কালীকচ্ছ', 'kalikacchaup.brahmanbaria.gov.bd', NULL, NULL),
(274, 27, 'Panishor', 'পানিশ্বর', 'panishorup.brahmanbaria.gov.bd', NULL, NULL),
(275, 27, 'Sarail', 'সরাইল সদর', 'sarailup.brahmanbaria.gov.bd', NULL, NULL),
(276, 27, 'Noagoun', 'নোয়াগাঁও', 'noagounup.brahmanbaria.gov.bd', NULL, NULL),
(277, 27, 'Shahajadapur', 'শাহজাদাপুর', 'shahajadapurup.brahmanbaria.gov.bd', NULL, NULL),
(278, 27, 'Shahbazpur', 'শাহবাজপুর', 'shahbazpurup.brahmanbaria.gov.bd', NULL, NULL),
(279, 28, 'Ashuganj', 'আশুগঞ্জ সদর', 'ashuganjup.brahmanbaria.gov.bd', NULL, NULL),
(280, 28, 'Charchartala', 'চরচারতলা', 'charchartalaup.brahmanbaria.gov.bd', NULL, NULL),
(281, 28, 'Durgapur', 'দুর্গাপুর', 'durgapurup.brahmanbaria.gov.bd', NULL, NULL),
(282, 28, 'Araishidha', 'আড়াইসিধা', 'araishidhaup.brahmanbaria.gov.bd', NULL, NULL),
(283, 28, 'Talshaharw', 'তালশহর(পঃ)', 'talshaharwup.brahmanbaria.gov.bd', NULL, NULL),
(284, 28, 'Sarifpur', 'শরীফপুর', 'sarifpurup.brahmanbaria.gov.bd', NULL, NULL),
(285, 28, 'Lalpur', 'লালপুর', 'lalpurup.brahmanbaria.gov.bd', NULL, NULL),
(286, 28, 'Tarua', 'তারুয়া', 'taruaup.brahmanbaria.gov.bd', NULL, NULL),
(287, 29, 'Monionda', 'মনিয়ন্দ', 'moniondaup.brahmanbaria.gov.bd', NULL, NULL),
(288, 29, 'Dharkhar', 'ধরখার', 'dharkharup.brahmanbaria.gov.bd', NULL, NULL),
(289, 29, 'Mogra', 'মোগড়া', 'mograup.brahmanbaria.gov.bd', NULL, NULL),
(290, 29, 'Akhauran', 'আখাউড়া (উঃ)', 'akhauranup.brahmanbaria.gov.bd', NULL, NULL),
(291, 29, 'Akhauras', 'আখাউড়া (দঃ)', 'akhaurasup.brahmanbaria.gov.bd', NULL, NULL),
(292, 30, 'Barail', 'বড়াইল', 'barailup.brahmanbaria.gov.bd', NULL, NULL),
(293, 30, 'Birgaon', 'বীরগাঁও', 'birgaonup.brahmanbaria.gov.bd', NULL, NULL),
(294, 30, 'Krishnanagar', 'কৃষ্ণনগর', 'krishnanagarup.brahmanbaria.gov.bd', NULL, NULL),
(295, 30, 'Nathghar', 'নাটঘর', 'nathgharup.brahmanbaria.gov.bd', NULL, NULL),
(296, 30, 'Biddayakut', 'বিদ্যাকুট', 'biddayakutup.brahmanbaria.gov.bd', NULL, NULL),
(297, 30, 'Nabinagare', 'নবীনগর (পূর্ব)', 'nabinagareup.brahmanbaria.gov.bd', NULL, NULL),
(298, 30, 'Nabinagarw', 'নবীনগর(পশ্চিম)', 'nabinagarwup.brahmanbaria.gov.bd', NULL, NULL),
(299, 30, 'Bitghar', 'বিটঘর', 'bitgharup.brahmanbaria.gov.bd', NULL, NULL),
(300, 30, 'Shibpur', 'শিবপুর', 'shibpurup.brahmanbaria.gov.bd', NULL, NULL),
(301, 30, 'Sreerampur', 'শ্রীরামপুর', 'sreerampurup.brahmanbaria.gov.bd', NULL, NULL),
(302, 30, 'Jinudpur', 'জিনোদপুর', 'jinudpurup.brahmanbaria.gov.bd', NULL, NULL),
(303, 30, 'Laurfatehpur', 'লাউরফতেপুর', 'laurfatehpurup.brahmanbaria.gov.bd', NULL, NULL),
(304, 30, 'Ibrahimpur', 'ইব্রাহিমপুর', 'ibrahimpurup.brahmanbaria.gov.bd', NULL, NULL),
(305, 30, 'Satmura', 'সাতমোড়া', 'satmuraup.brahmanbaria.gov.bd', NULL, NULL),
(306, 30, 'Shamogram', 'শ্যামগ্রাম', 'shamogramup.brahmanbaria.gov.bd', NULL, NULL),
(307, 30, 'Rasullabad', 'রসুল্লাবাদ', 'rasullabadup.brahmanbaria.gov.bd', NULL, NULL),
(308, 30, 'Barikandi', 'বড়িকান্দি', 'barikandiup.brahmanbaria.gov.bd', NULL, NULL),
(309, 30, 'Salimganj', 'ছলিমগঞ্জ', 'salimganjup.brahmanbaria.gov.bd', NULL, NULL),
(310, 30, 'Ratanpur', 'রতনপুর', 'ratanpurup.brahmanbaria.gov.bd', NULL, NULL),
(311, 30, 'Kaitala (North)', 'কাইতলা (উত্তর)', 'kaitalanup.brahmanbaria.gov.bd', NULL, NULL),
(312, 30, 'Kaitala (South)', 'কাইতলা (দক্ষিন)', 'kaitalasup.brahmanbaria.gov.bd', NULL, NULL),
(313, 31, 'Tazkhali', 'তেজখালী', 'tazkhaliup.brahmanbaria.gov.bd', NULL, NULL),
(314, 31, 'Pahariya Kandi', 'পাহাড়িয়া কান্দি', 'pahariyakandiup.brahmanbaria.gov.bd', NULL, NULL),
(315, 31, 'Dariadulat', 'দরিয়াদৌলত', 'dariadulatup.brahmanbaria.gov.bd', NULL, NULL),
(316, 31, 'Sonarampur', 'সোনারামপুর', 'sonarampurup.brahmanbaria.gov.bd', NULL, NULL),
(317, 31, 'Darikandi', 'দড়িকান্দি', 'darikandiup.brahmanbaria.gov.bd', NULL, NULL),
(318, 31, 'Saifullyakandi', 'ছয়ফুল্লাকান্দি', 'saifullyakandiup.brahmanbaria.gov.bd', NULL, NULL),
(319, 31, 'Bancharampur', 'বাঞ্ছারামপুর', 'bancharampurup.brahmanbaria.gov.bd', NULL, NULL),
(320, 31, 'Ayabpur', 'আইয়ুবপুর', 'ayabpurup.brahmanbaria.gov.bd', NULL, NULL),
(321, 31, 'Fardabad', 'ফরদাবাদ', 'fardabadup.brahmanbaria.gov.bd', NULL, NULL),
(322, 31, 'Rupushdi', 'রুপসদী পশ্চিম', 'rupushdiup.brahmanbaria.gov.bd', NULL, NULL),
(323, 31, 'Salimabad', 'ছলিমাবাদ', 'salimabadup.brahmanbaria.gov.bd', NULL, NULL),
(324, 31, 'Ujanchar', 'উজানচর পূর্ব', 'ujancharup.brahmanbaria.gov.bd', NULL, NULL),
(325, 31, 'Manikpur', 'মানিকপুর', 'manikpurup.brahmanbaria.gov.bd', NULL, NULL),
(326, 32, 'Bhudanty', 'বুধন্তি', 'bhudantyup.brahmanbaria.gov.bd', NULL, NULL),
(327, 32, 'Chandura', 'চান্দুরা', 'chanduraup.brahmanbaria.gov.bd', NULL, NULL),
(328, 32, 'Ichapura', 'ইছাপুরা', 'ichapuraup.brahmanbaria.gov.bd', NULL, NULL),
(329, 32, 'Champaknagar', 'চম্পকনগর', 'champaknagarup.brahmanbaria.gov.bd', NULL, NULL),
(330, 32, 'Harashpur', 'হরষপুর', 'harashpurup.brahmanbaria.gov.bd', NULL, NULL),
(331, 32, 'Pattan', 'পত্তন', 'pattanup.brahmanbaria.gov.bd', NULL, NULL),
(332, 32, 'Singerbil', 'সিংগারবিল', 'singerbilup.brahmanbaria.gov.bd', NULL, NULL),
(333, 32, 'Bishupor', 'বিষ্ণুপুর', 'bishuporup.brahmanbaria.gov.bd', NULL, NULL),
(334, 32, 'Charislampur', 'চর-ইসলামপুর', 'charislampurup.brahmanbaria.gov.bd', NULL, NULL),
(335, 32, 'Paharpur', 'পাহাড়পুর', 'paharpurup.brahmanbaria.gov.bd', NULL, NULL),
(336, 33, 'Jibtali', 'জীবতলি', 'jibtaliup.rangamati.gov.bd', NULL, NULL),
(337, 33, 'Sapchari', 'সাপছড়ি', 'sapchariup.rangamati.gov.bd', NULL, NULL),
(338, 33, 'Kutukchari', 'কুতুকছড়ি', 'kutukchariup.rangamati.gov.bd', NULL, NULL),
(339, 33, 'Bandukbhanga', 'বন্দুকভাঙ্গা', 'bandukbhangaup.rangamati.gov.bd', NULL, NULL),
(340, 33, 'Balukhali', 'বালুখালী', 'balukhaliup.rangamati.gov.bd', NULL, NULL),
(341, 33, 'Mogban', 'মগবান', 'mogbanup.rangamati.gov.bd', NULL, NULL),
(342, 34, 'Raikhali', 'রাইখালী', 'raikhaliup.rangamati.gov.bd', NULL, NULL),
(343, 34, 'Kaptai', 'কাপ্তাই', 'kaptaiup.rangamati.gov.bd', NULL, NULL),
(344, 34, 'Wagga', 'ওয়াজ্ঞা', 'waggaup.rangamati.gov.bd', NULL, NULL),
(345, 34, 'Chandraghona', 'চন্দ্রঘোনা', 'chandraghonaup.rangamati.gov.bd', NULL, NULL),
(346, 34, 'Chitmorom', 'চিৎমরম', 'chitmoromup.rangamati.gov.bd', NULL, NULL),
(347, 35, 'Ghagra', 'ঘাগড়া', 'ghagraup.rangamati.gov.bd', NULL, NULL),
(348, 35, 'Fatikchari', 'ফটিকছড়ি', 'fatikchariup.rangamati.gov.bd', NULL, NULL),
(349, 35, 'Betbunia', 'বেতবুনিয়া', 'betbuniaup.rangamati.gov.bd', NULL, NULL),
(350, 35, 'Kalampati', 'কলমপতি', 'kalampatiup.rangamati.gov.bd', NULL, NULL),
(351, 36, 'Sajek', 'সাজেক', 'sajekup.rangamati.gov.bd', NULL, NULL),
(352, 36, 'Amtali', 'আমতলী', 'amtaliup.rangamati.gov.bd', NULL, NULL),
(353, 36, 'Bongoltali', 'বঙ্গলতলী', 'bongoltaliup.rangamati.gov.bd', NULL, NULL),
(354, 36, 'Rupokari', 'রুপকারী', 'rupokariup.rangamati.gov.bd', NULL, NULL),
(355, 36, 'Marisha', 'মারিশ্যা', 'marishaup.rangamati.gov.bd', NULL, NULL),
(356, 36, 'Khedarmara', 'খেদারমারা', 'khedarmaraup.rangamati.gov.bd', NULL, NULL),
(357, 36, 'Sharoyatali', 'সারোয়াতলী', 'sharoyataliup.rangamati.gov.bd', NULL, NULL),
(358, 36, 'Baghaichari', 'বাঘাইছড়ি', 'baghaichariup.rangamati.gov.bd', NULL, NULL),
(359, 37, 'Subalong', 'সুবলং', 'subalongup.rangamati.gov.bd', NULL, NULL),
(360, 37, 'Barkal', 'বরকল', 'barkalup.rangamati.gov.bd', NULL, NULL),
(361, 37, 'Bushanchara', 'ভূষনছড়া', 'bushancharaup.rangamati.gov.bd', NULL, NULL),
(362, 37, 'Aimachara', 'আইমাছড়া', 'aimacharaup.rangamati.gov.bd', NULL, NULL),
(363, 37, 'Borohorina', 'বড় হরিণা', 'borohorinaup.rangamati.gov.bd', NULL, NULL),
(364, 38, 'Langad', 'লংগদু', 'langaduup.rangamati.gov.bd', NULL, NULL),
(365, 38, 'Maeinimukh', 'মাইনীমুখ', 'maeinimukhup.rangamati.gov.bd', NULL, NULL),
(366, 38, 'Vasannadam', 'ভাসান্যাদম', 'vasannadamup.rangamati.gov.bd', NULL, NULL),
(367, 38, 'Bogachattar', 'বগাচতর', 'bogachattarup.rangamati.gov.bd', NULL, NULL),
(368, 38, 'Gulshakhali', 'গুলশাখালী', 'gulshakhaliup.rangamati.gov.bd', NULL, NULL),
(369, 38, 'Kalapakujja', 'কালাপাকুজ্যা', 'kalapakujjaup.rangamati.gov.bd', NULL, NULL),
(370, 38, 'Atarakchara', 'আটারকছড়া', 'atarakcharaup.rangamati.gov.bd', NULL, NULL),
(371, 39, 'Ghilachari', 'ঘিলাছড়ি', 'ghilachariup.rangamati.gov.bd', NULL, NULL),
(372, 39, 'Gaindya', 'গাইন্দ্যা', 'gaindyaup.rangamati.gov.bd', NULL, NULL),
(373, 39, 'Bangalhalia', 'বাঙ্গালহালিয়া', 'bangalhaliaup.rangamati.gov.bd', NULL, NULL),
(374, 40, 'Kengrachari', 'কেংড়াছড়ি', 'kengrachariup.rangamati.gov.bd', NULL, NULL),
(375, 40, 'Belaichari', 'বিলাইছড়ি', 'belaichariup.rangamati.gov.bd', NULL, NULL),
(376, 40, 'Farua', 'ফারুয়া', 'faruaup.rangamati.gov.bd', NULL, NULL),
(377, 41, 'Juraichari', 'জুরাছড়ি', 'juraichariup.rangamati.gov.bd', NULL, NULL),
(378, 41, 'Banajogichara', 'বনযোগীছড়া', 'banajogicharaup.rangamati.gov.bd', NULL, NULL),
(379, 41, 'Moidong', 'মৈদং', 'moidongup.rangamati.gov.bd', NULL, NULL),
(380, 41, 'Dumdumya', 'দুমদুম্যা', 'dumdumyaup.rangamati.gov.bd', NULL, NULL),
(381, 42, 'Sabekkhong', 'সাবেক্ষ্যং', 'sabekkhongup.rangamati.gov.bd', NULL, NULL),
(382, 42, 'Naniarchar', 'নানিয়ারচর', 'naniarcharup.rangamati.gov.bd', NULL, NULL),
(383, 42, 'Burighat', 'বুড়িঘাট', 'burighatup.rangamati.gov.bd', NULL, NULL),
(384, 42, 'Ghilachhari', 'ঘিলাছড়ি', 'ghilachhariup.rangamati.gov.bd', NULL, NULL),
(385, 43, 'Charmatua', 'চরমটুয়া', 'charmatuaup.noakhali.gov.bd', NULL, NULL),
(386, 43, 'Dadpur', 'দাদপুর', 'dadpurup.noakhali.gov.bd', NULL, NULL),
(387, 43, 'Noannoi', 'নোয়ান্নই', 'noannoiup.noakhali.gov.bd', NULL, NULL),
(388, 43, 'Kadirhanif', 'কাদির হানিফ', 'kadirhanifup.noakhali.gov.bd', NULL, NULL),
(389, 43, 'Binodpur', 'বিনোদপুর', 'binodpurup.noakhali.gov.bd', NULL, NULL),
(390, 43, 'Dharmapur', 'ধর্মপুর', 'dharmapurup.noakhali.gov.bd', NULL, NULL),
(391, 43, 'Aujbalia', 'এওজবালিয়া', 'aujbaliaup.noakhali.gov.bd', NULL, NULL),
(392, 43, 'Kaladara', 'কালাদরপ', 'kaladarapup.noakhali.gov.bd', NULL, NULL),
(393, 43, 'Ashwadia', 'অশ্বদিয়া', 'ashwadiaup.noakhali.gov.bd', NULL, NULL),
(394, 43, 'Newajpur', 'নিয়াজপুর', 'newajpurup.noakhali.gov.bd', NULL, NULL),
(395, 43, 'East Charmatua', 'পূর্ব চরমটুয়া', 'eastcharmatuap.noakhali.gov.bd', NULL, NULL),
(396, 43, 'Andarchar', 'আন্ডারচর', 'andarcharup.noakhali.gov.bd', NULL, NULL),
(397, 43, 'Noakhali', 'নোয়াখালী', 'noakhaliup.noakhali.gov.bd', NULL, NULL),
(398, 44, 'Sirajpur', 'সিরাজপুর', 'sirajpurup.noakhali.gov.bd', NULL, NULL),
(399, 44, 'Charparboti', 'চরপার্বতী', 'charparbotiup.noakhali.gov.bd', NULL, NULL),
(400, 44, 'Charhazari', 'চরহাজারী', 'charhazariup.noakhali.gov.bd', NULL, NULL),
(401, 44, 'Charkakra', 'চরকাঁকড়া', 'charkakraup.noakhali.gov.bd', NULL, NULL),
(402, 44, 'Charfakira', 'চরফকিরা', 'charfakiraup.noakhali.gov.bd', NULL, NULL),
(403, 44, 'Musapur', 'মুসাপুর', 'musapurup.noakhali.gov.bd', NULL, NULL),
(404, 44, 'Charelahi', 'চরএলাহী', 'charelahiup.noakhali.gov.bd', NULL, NULL),
(405, 44, 'Rampur', 'রামপুর', 'rampurup.noakhali.gov.bd', NULL, NULL),
(406, 45, 'Amanullapur', 'আমানউল্ল্যাপুর', 'amanullapurup.noakhali.gov.bd', NULL, NULL),
(407, 45, 'Gopalpur', 'গোপালপুর', 'gopalpurup.noakhali.gov.bd', NULL, NULL),
(408, 45, 'Jirtali', 'জিরতলী', 'jirtaliup.noakhali.gov.bd', NULL, NULL),
(409, 45, 'Kutubpur', 'কুতবপুর', 'kutubpurup.noakhali.gov.bd', NULL, NULL),
(410, 45, 'Alyearpur', 'আলাইয়ারপুর', 'alyearpurup.noakhali.gov.bd', NULL, NULL),
(411, 45, 'Chayani', 'ছয়ানী', 'chayaniup.noakhali.gov.bd', NULL, NULL),
(412, 45, 'Rajganj', 'রাজগঞ্জ', 'rajganjup.noakhali.gov.bd', NULL, NULL),
(413, 45, 'Eklashpur', 'একলাশপুর', 'eklashpurup.noakhali.gov.bd', NULL, NULL),
(414, 45, 'Begumganj', 'বেগমগঞ্জ', 'begumganjup.noakhali.gov.bd', NULL, NULL),
(415, 45, 'Mirwarishpur', 'মিরওয়ারিশপুর', 'mirwarishpurup.noakhali.gov.bd', NULL, NULL),
(416, 45, 'Narottampur', 'নরোত্তমপুর', 'narottampurup.noakhali.gov.bd', NULL, NULL),
(417, 45, 'Durgapur', 'দূর্গাপুর', 'durgapurup.noakhali.gov.bd', NULL, NULL),
(418, 45, 'Rasulpur', 'রসুলপুর', 'rasulpurup.noakhali.gov.bd', NULL, NULL),
(419, 45, 'Hajipur', 'হাজীপুর', 'hajipurup.noakhali.gov.bd', NULL, NULL),
(420, 45, 'Sharifpur', 'শরীফপুর', 'sharifpurup.noakhali.gov.bd', NULL, NULL),
(421, 45, 'Kadirpur', 'কাদিরপুর', 'kadirpurup.noakhali.gov.bd', NULL, NULL),
(422, 46, 'Sukhchar', 'সুখচর', 'sukhcharup.noakhali.gov.bd', NULL, NULL),
(423, 46, 'Nolchira', 'নলচিরা', 'nolchiraup.noakhali.gov.bd', NULL, NULL),
(424, 46, 'Charishwar', 'চরঈশ্বর', 'charishwarup.noakhali.gov.bd', NULL, NULL),
(425, 46, 'Charking', 'চরকিং', 'charkingup.noakhali.gov.bd', NULL, NULL),
(426, 46, 'Tomoroddi', 'তমরদ্দি', 'tomoroddiup.noakhali.gov.bd', NULL, NULL),
(427, 46, 'Sonadiya', 'সোনাদিয়া', 'sonadiyaup.noakhali.gov.bd', NULL, NULL),
(428, 46, 'Burirchar', 'বুড়িরচর', 'burircharup.noakhali.gov.bd', NULL, NULL),
(429, 46, 'Jahajmara', 'জাহাজমারা', 'jahajmaraup.noakhali.gov.bd', NULL, NULL),
(430, 46, 'Nijhumdwi', 'নিঝুমদ্বীপ', 'nijhumdwipup.noakhali.gov.bd', NULL, NULL),
(431, 47, 'Charjabbar', 'চরজাব্বার', 'charjabbarup.noakhali.gov.bd', NULL, NULL),
(432, 47, 'Charbata', 'চরবাটা', 'charbataup.noakhali.gov.bd', NULL, NULL),
(433, 47, 'Charclerk', 'চরক্লার্ক', 'charclerkup.noakhali.gov.bd', NULL, NULL),
(434, 47, 'Charwapda', 'চরওয়াপদা', 'charwapdaup.noakhali.gov.bd', NULL, NULL),
(435, 47, 'Charjubilee', 'চরজুবলী', 'charjubileeup.noakhali.gov.bd', NULL, NULL),
(436, 47, 'Charaman Ullah', 'চরআমান উল্যা', 'charamanullahup.noakhali.gov.bd', NULL, NULL),
(437, 47, 'East Charbata', 'পূর্ব চরবাটা', 'eastcharbataup.noakhali.gov.bd', NULL, NULL),
(438, 47, 'Mohammadpur', 'মোহাম্মদপুর', 'mohammadpurup.noakhali.gov.bd', NULL, NULL),
(439, 48, 'Narottampur', 'নরোত্তমপুর', 'narottampurup1.noakhali.gov.bd', NULL, NULL),
(440, 48, 'Dhanshiri', 'ধানসিঁড়ি', 'dhanshiriup.noakhali.gov.bd', NULL, NULL),
(441, 48, 'Sundalpur', 'সুন্দলপুর', 'sundalpurup.noakhali.gov.bd', NULL, NULL),
(442, 48, 'Ghoshbag', 'ঘোষবাগ', 'ghoshbagup.noakhali.gov.bd', NULL, NULL),
(443, 48, 'Chaprashirhat', 'চাপরাশিরহাট', 'chaprashirhatup.noakhali.gov.bd', NULL, NULL),
(444, 48, 'Dhanshalik', 'ধানশালিক', 'dhanshalikup.noakhali.gov.bd', NULL, NULL),
(445, 48, 'Batoiya', 'বাটইয়া', 'batoiyaup.noakhali.gov.bd', NULL, NULL),
(446, 49, 'Chhatarpaia', 'ছাতারপাইয়া', 'chhatarpaiaup.noakhali.gov.bd', NULL, NULL),
(447, 49, 'Kesharpar', 'কেশরপাড়া', 'kesharparup.noakhali.gov.bd', NULL, NULL),
(448, 49, 'Dumurua', 'ডুমুরুয়া', 'dumuruaup.noakhali.gov.bd', NULL, NULL),
(449, 49, 'Kadra', 'কাদরা', 'kadraup.noakhali.gov.bd', NULL, NULL),
(450, 49, 'Arjuntala', 'অর্জুনতলা', 'arjuntalaup.noakhali.gov.bd', NULL, NULL),
(451, 49, 'Kabilpur', 'কাবিলপুর', 'kabilpurup.noakhali.gov.bd', NULL, NULL),
(452, 49, 'Mohammadpur', 'মোহাম্মদপুর', 'mohammadpurup7.noakhali.gov.bd', NULL, NULL),
(453, 49, 'Nabipur', 'নবীপুর', 'nabipurup.noakhali.gov.bd', NULL, NULL),
(454, 49, 'Bejbagh', 'বিজবাগ', 'bejbaghup.noakhali.gov.bd', NULL, NULL),
(455, 50, 'Sahapur', 'সাহাপুর', 'sahapurup.noakhali.gov.bd', NULL, NULL),
(456, 50, 'Ramnarayanpur', 'রামনারায়নপুর', 'ramnarayanpurup.noakhali.gov.bd', NULL, NULL),
(457, 50, 'Porokote', 'পরকোট', 'porokoteup.noakhali.gov.bd', NULL, NULL),
(458, 50, 'Badalkot', 'বাদলকোট', 'badalkotup.noakhali.gov.bd', NULL, NULL),
(459, 50, 'Panchgaon', 'পাঁচগাঁও', 'panchgaonup.noakhali.gov.bd', NULL, NULL),
(460, 50, 'Hat-Pukuria Ghatlabag', 'হাট-পুকুরিয়া ঘাটলাবাগ', 'hatpukuriaghatlabagup.noakhali.gov.bd', NULL, NULL),
(461, 50, 'Noakhala', 'নোয়াখলা', 'noakhalaup.noakhali.gov.bd', NULL, NULL),
(462, 50, 'Khilpara', 'খিলপাড়া', 'khilparaup.noakhali.gov.bd', NULL, NULL),
(463, 50, 'Mohammadpur', 'মোহাম্মদপুর', 'mohammadpuru5p.noakhali.gov.bd', NULL, NULL),
(464, 51, 'Joyag', 'জয়াগ', 'joyagup.noakhali.gov.bd', NULL, NULL),
(465, 51, 'Nodona', 'নদনা', 'nodonaup.noakhali.gov.bd', NULL, NULL),
(466, 51, 'Chashirhat', 'চাষীরহাট', 'chashirhatup.noakhali.gov.bd', NULL, NULL),
(467, 51, 'Barogaon', 'বারগাঁও', 'barogaonup.noakhali.gov.bd', NULL, NULL),
(468, 51, 'Ambarnagor', 'অম্বরনগর', 'ambarnagorup.noakhali.gov.bd', NULL, NULL),
(469, 51, 'Nateshwar', 'নাটেশ্বর', 'nateshwarup.noakhali.gov.bd', NULL, NULL),
(470, 51, 'Bajra', 'বজরা', 'bajraup.noakhali.gov.bd', NULL, NULL),
(471, 51, 'Sonapur', 'সোনাপুর', 'sonapurup.noakhali.gov.bd', NULL, NULL),
(472, 51, 'Deoti', 'দেওটি', 'deotiup.noakhali.gov.bd', NULL, NULL),
(473, 51, 'Amishapara', 'আমিশাপাড়া', 'amishaparaup.noakhali.gov.bd', NULL, NULL),
(474, 52, 'Gazipur', 'গাজীপুর', 'gazipurup.chandpur.gov.bd', NULL, NULL),
(475, 52, 'Algidurgapur (North)', 'আলগী দুর্গাপুর (উত্তর)', 'algidurgapurnorthup.chandpur.gov.bd', NULL, NULL),
(476, 52, 'Algidurgapur (South)', 'আলগী দুর্গাপুর (দক্ষিণ)', 'algidurgapursouth.chandpur.gov.bd', NULL, NULL),
(477, 52, 'Nilkamal', 'নীলকমল', 'nilkamalup.chandpur.gov.bd', NULL, NULL),
(478, 52, 'Haimchar', 'হাইমচর', 'haimcharup.chandpur.gov.bd', NULL, NULL),
(479, 52, 'Charbhairabi', 'চরভৈরবী', 'charbhairabiup.chandpur.gov.bd', NULL, NULL),
(480, 53, 'Pathair', 'পাথৈর', 'pathairup.chandpur.gov.bd', NULL, NULL),
(481, 53, 'Bitara', 'বিতারা', 'bitaraup.chandpur.gov.bd', NULL, NULL),
(482, 53, 'Shohodebpur (East)', 'সহদেবপুর (পূর্ব)', 'shohodebpureastup.chandpur.gov.bd', NULL, NULL),
(483, 53, 'Shohodebpur (West)', 'সহদেবপুর (পশ্চিম)', 'shohodebpurwestup.chandpur.gov.bd', NULL, NULL),
(484, 53, 'Kachua (North)', 'কচুয়া (উত্তর)', 'kachuanorthup.chandpur.gov.bd', NULL, NULL),
(485, 53, 'Kachua (South)', 'কচুয়া (দক্ষিণ)', 'kachuasouthup.chandpur.gov.bd', NULL, NULL),
(486, 53, 'Gohat (North)', 'গোহাট (উত্তর)', 'gohatnorthup.chandpur.gov.bd', NULL, NULL),
(487, 53, 'Kadla', 'কাদলা', 'kadlaup.chandpur.gov.bd', NULL, NULL),
(488, 53, 'Ashrafpur', 'আসরাফপুর', 'ashrafpurup.chandpur.gov.bd', NULL, NULL),
(489, 53, 'Gohat (South)', 'গোহাট (দক্ষিণ)', 'gohatsouthup.chandpur.gov.bd', NULL, NULL),
(490, 53, 'Sachar', 'সাচার', 'sacharup.chandpur.gov.bd', NULL, NULL),
(491, 53, 'Koroia', 'কড়ইয়া', 'koroiaup.chandpur.gov.bd', NULL, NULL),
(492, 54, 'Tamta (South)', 'টামটা (দক্ষিণ)', 'tamtasouthup.chandpur.gov.bd', NULL, NULL),
(493, 54, 'Tamta (North)', 'টামটা (উত্তর)', 'tamtanorthup.chandpur.gov.bd', NULL, NULL),
(494, 54, 'Meher (North)', 'মেহের (উত্তর)', 'mehernorthup.chandpur.gov.bd', NULL, NULL),
(495, 54, 'Meher (South)', 'মেহের (দক্ষিণ)', 'mehersouthup.chandpur.gov.bd', NULL, NULL),
(496, 54, 'Suchipara (North)', 'সুচিপাড়া (উত্তর)', 'suchiparanorthup.chandpur.gov.bd', NULL, NULL),
(497, 54, 'Suchipara (South)', 'সুচিপাড়া (দক্ষিণ)', 'suchiparasouthup.chandpur.gov.bd', NULL, NULL),
(498, 54, 'Chitoshi (East)', 'চিতষী (পূর্ব)', 'chitoshieastup.chandpur.gov.bd', NULL, NULL),
(499, 54, 'Raysree (South)', 'রায়শ্রী (দক্ষিন)', 'raysreesouthup.chandpur.gov.bd', NULL, NULL),
(500, 54, 'Raysree (North)', 'রায়শ্রী (উত্তর)', 'raysreenorthup.chandpur.gov.bd', NULL, NULL),
(501, 54, 'Chitoshiwest', 'চিতষী (পশ্চিম)', 'chitoshiwestup.chandpur.gov.bd', NULL, NULL),
(502, 55, 'Bishnapur', 'বিষ্ণপুর', 'bishnapurup.chandpur.gov.bd', NULL, NULL),
(503, 55, 'Ashikati', 'আশিকাটি', 'ashikatiup.chandpur.gov.bd', NULL, NULL),
(504, 55, 'Shahmahmudpur', 'শাহ্‌ মাহমুদপুর', 'shahmahmudpurup.chandpur.gov.bd', NULL, NULL),
(505, 55, 'Kalyanpur', 'কল্যাণপুর', 'kalyanpurup.chandpur.gov.bd', NULL, NULL),
(506, 55, 'Rampur', 'রামপুর', 'rampurup.chandpur.gov.bd', NULL, NULL),
(507, 55, 'Maishadi', 'মৈশাদী', 'maishadiup.chandpur.gov.bd', NULL, NULL),
(508, 55, 'Tarpurchandi', 'তরপুচন্ডী', 'tarpurchandiup.chandpur.gov.bd', NULL, NULL),
(509, 55, 'Baghadi', 'বাগাদী', 'baghadiup.chandpur.gov.bd', NULL, NULL),
(510, 55, 'Laxmipur Model', 'লক্ষীপুর মডেল', 'laxmipurmodelup.chandpur.gov.bd', NULL, NULL),
(511, 55, 'Hanarchar', 'হানারচর', 'hanarcharup.chandpur.gov.bd', NULL, NULL),
(512, 55, 'Chandra', 'চান্দ্রা', 'chandraup.chandpur.gov.bd', NULL, NULL),
(513, 55, 'Rajrajeshwar', 'রাজরাজেশ্বর', 'rajrajeshwarup.chandpur.gov.bd', NULL, NULL),
(514, 55, 'Ibrahimpur', 'ইব্রাহীমপুর', 'ibrahimpurup.chandpur.gov.bd', NULL, NULL),
(515, 55, 'Balia', 'বালিয়া', 'baliaup.chandpur.gov.bd', NULL, NULL),
(516, 56, 'Nayergaon (North)', 'নায়েরগাঁও (উত্তর)', 'nayergaonnorthup.chandpur.gov.bd', NULL, NULL),
(517, 56, 'Nayergaon (South)', 'নায়েরগাঁও (দক্ষিন)', 'nayergaonsouthup.chandpur.gov.bd', NULL, NULL),
(518, 56, 'Khadergaon', 'খাদেরগাঁও', 'khadergaonup.chandpur.gov.bd', NULL, NULL),
(519, 56, 'Narayanpur', 'নারায়নপুর', 'narayanpurup.chandpur.gov.bd', NULL, NULL),
(520, 56, 'Upadi (South)', 'উপাদী (দক্ষিণ)', 'upadisouthup.chandpur.gov.bd', NULL, NULL),
(521, 56, 'Upadi (North)', 'উপাদী (উত্তর)', 'upadinorthup.chandpur.gov.bd', NULL, NULL),
(522, 57, 'Rajargaon (North)', 'রাজারগাঁও (উত্তর)', 'rajargaonnorthup.chandpur.gov.bd', NULL, NULL),
(523, 57, 'Bakila', 'বাকিলা', 'bakilaup.chandpur.gov.bd', NULL, NULL),
(524, 57, 'Kalocho (North)', 'কালচোঁ (উত্তর)', 'kalochonorthup.chandpur.gov.bd', NULL, NULL),
(525, 57, 'Hajiganj Sadar', 'হাজীগঞ্জ সদর', 'hajiganjsadarup.chandpur.gov.bd', NULL, NULL),
(526, 57, 'Kalocho (South)', 'কালচোঁ (দক্ষিণ)', 'kalochosouthup.chandpur.gov.bd', NULL, NULL),
(527, 57, 'Barkul (East)', 'বড়কুল (পূর্ব)', 'barkuleastup.chandpur.gov.bd', NULL, NULL),
(528, 57, 'Barkul (West)', 'বড়কুল (পশ্চিম)', 'barkulwestup.chandpur.gov.bd', NULL, NULL),
(529, 57, 'Hatila (East)', 'হাটিলা (পূর্ব)', 'hatilaeastup.chandpur.gov.bd', NULL, NULL),
(530, 57, 'Hatila (West)', 'হাটিলা (পশ্চিম)', 'hatilawestup.chandpur.gov.bd', NULL, NULL),
(531, 57, 'Gandharbapur (North)', 'গন্ধর্ব্যপুর (উত্তর)', 'gandharbapurnorthup.chandpur.gov.bd', NULL, NULL),
(532, 57, 'Gandharbapur (South)', 'গন্ধর্ব্যপুর (দক্ষিণ)', 'gandharbapursouthup.chandpur.gov.bd', NULL, NULL),
(533, 58, 'Satnal', 'ষাটনল', 'satnalup.chandpur.gov.bd', NULL, NULL),
(534, 58, 'Banganbari', 'বাগানবাড়ী', 'banganbariup.chandpur.gov.bd', NULL, NULL),
(535, 58, 'Sadullapur', 'সাদুল্ল্যাপুর', 'sadullapurup.chandpur.gov.bd', NULL, NULL),
(536, 58, 'Durgapur', 'দূর্গাপুর', 'durgapurup.chandpur.gov.bd', NULL, NULL),
(537, 58, 'Kalakanda', 'কালাকান্দা', 'kalakandaup.chandpur.gov.bd', NULL, NULL),
(538, 58, 'Mohanpur', 'মোহনপুর', 'mohanpurup.chandpur.gov.bd', NULL, NULL),
(539, 58, 'Eklaspur', 'এখলাছপুর', 'eklaspurup.chandpur.gov.bd', NULL, NULL),
(540, 58, 'Jahirabad', 'জহিরাবাদ', 'jahirabadup.chandpur.gov.bd', NULL, NULL),
(541, 58, 'Fatehpur (East)', 'ফতেহপুর (পূর্ব)', 'eastfatehpur.chandpur.gov.bd', NULL, NULL),
(542, 58, 'Fatehpur (West)', 'ফতেহপুর (পশ্চিম)', 'westfatehpurup.chandpur.gov.bd', NULL, NULL),
(543, 58, 'Farajikandi', 'ফরাজীকান্দি', 'farajikandiup.chandpur.gov.bd', NULL, NULL),
(544, 58, 'Islamabad', 'ইসলামাবাদ', 'islamabadup.chandpur.gov.bd', NULL, NULL),
(545, 58, 'Sultanabad', 'সুলতানাবাদ', 'sultanabadup.chandpur.gov.bd', NULL, NULL),
(546, 58, 'Gazra', 'গজরা', 'gazraup.chandpur.gov.bd', NULL, NULL),
(547, 59, 'Balithuba (West)', 'বালিথুবা (পশ্চিম)', 'balithubawestup.chandpur.gov.bd', NULL, NULL),
(548, 59, 'Balithuba (East)', 'বালিথুবা (পূর্ব)', 'balithubaeastup.chandpur.gov.bd', NULL, NULL),
(549, 59, 'Subidpur (East)', 'সুবিদপুর (পূর্ব)', 'subidpureastup.chandpur.gov.bd', NULL, NULL),
(550, 59, 'Subidpur (West)', 'সুবিদপুর (পশ্চিম)', 'subidpurwestup.chandpur.gov.bd', NULL, NULL),
(551, 59, 'Gupti (West)', 'গুপ্তি (পশ্চিম)', 'guptiwestup.chandpur.gov.bd', NULL, NULL),
(552, 59, 'Gupti (East)', 'গুপ্তি (পূর্ব)', 'guptieastup.chandpur.gov.bd', NULL, NULL),
(553, 59, 'Paikpara (North)', 'পাইকপাড়া (উত্তর)', 'paikparanorthup.chandpur.gov.bd', NULL, NULL),
(554, 59, 'Paikpara (South)', 'পাইকপাড়া (দক্ষিণ)', 'paikparasouthup.chandpur.gov.bd', NULL, NULL),
(555, 59, 'Gobindapur (North)', 'গবিন্দপুর (উত্তর)', 'gobindapurnorthup.chandpur.gov.bd', NULL, NULL),
(556, 59, 'Gobindapur (South)', 'গবিন্দপুর (দক্ষিণ)', 'gobindapursouthup.chandpur.gov.bd', NULL, NULL),
(557, 59, 'Chardukhia (East)', 'চরদুখিয়া (পূর্ব)', 'chardukhiaeastup.chandpur.gov.bd', NULL, NULL),
(558, 59, 'Chardukhia (West)', 'চরদুঃখিয়া (পশ্চিম)', 'chardukhiawestup.chandpur.gov.bd', NULL, NULL),
(559, 59, 'Faridgonj (South)', 'ফরিদ্গঞ্জ (দক্ষিণ)', 'faridgonjsouthup.chandpur.gov.bd', NULL, NULL),
(560, 59, 'Rupsha (South)', 'রুপসা (দক্ষিণ)', 'rupshasouthup.chandpur.gov.bd', NULL, NULL),
(561, 59, 'Rupsha (North)', 'রুপসা (উত্তর)', 'rupshanorthup.chandpur.gov.bd', NULL, NULL),
(562, 60, 'Hamsadi (North)', 'হামছাদী (উত্তর)', 'northhamsadiup.lakshmipur.gov.bd', NULL, NULL),
(563, 60, 'Hamsadi (South)', 'হামছাদী (দক্ষিন)', 'southhamsadiup.lakshmipur.gov.bd', NULL, NULL),
(564, 60, 'Dalalbazar', 'দালাল বাজার', 'dalalbazarup.lakshmipur.gov.bd', NULL, NULL),
(565, 60, 'Charruhita', 'চররুহিতা', 'charruhitaup.lakshmipur.gov.bd', NULL, NULL),
(566, 60, 'Parbotinagar', 'পার্বতীনগর', 'parbotinagarup.lakshmipur.gov.bd', NULL, NULL),
(567, 60, 'Bangakha', 'বাঙ্গাখাঁ', 'bangakhaup.lakshmipur.gov.bd', NULL, NULL),
(568, 60, 'Dattapara', 'দত্তপাড়া', 'dattaparaup.lakshmipur.gov.bd', NULL, NULL),
(569, 60, 'Basikpur', 'বশিকপুর', 'basikpurup.lakshmipur.gov.bd', NULL, NULL),
(570, 60, 'Chandrogonj', 'চন্দ্রগঞ্জ', 'chandrogonjup.lakshmipur.gov.bd', NULL, NULL),
(571, 60, 'Nourthjoypur', 'উত্তর জয়পুর', 'nourthjoypurup.lakshmipur.gov.bd', NULL, NULL),
(572, 60, 'Hazirpara', 'হাজিরপাড়া', 'hazirparaup.lakshmipur.gov.bd', NULL, NULL),
(573, 60, 'Charshahi', 'চরশাহী', 'charshahiup.lakshmipur.gov.bd', NULL, NULL),
(574, 60, 'Digli', 'দিঘলী', 'digliup.lakshmipur.gov.bd', NULL, NULL),
(575, 60, 'Laharkandi', 'লাহারকান্দি', 'laharkandiup.lakshmipur.gov.bd', NULL, NULL),
(576, 60, 'Vobanigonj', 'ভবানীগঞ্জ', 'vobanigonjup.lakshmipur.gov.bd', NULL, NULL),
(577, 60, 'Kusakhali', 'কুশাখালী', 'kusakhaliup.lakshmipur.gov.bd', NULL, NULL),
(578, 60, 'Sakchor', 'শাকচর', 'sakchorup.lakshmipur.gov.bd', NULL, NULL),
(579, 60, 'Tearigonj', 'তেয়ারীগঞ্জ', 'tearigonjup.lakshmipur.gov.bd', NULL, NULL),
(580, 60, 'Tumchor', 'টুমচর', 'tumchorup.lakshmipur.gov.bd', NULL, NULL),
(581, 60, 'Charramoni Mohon', 'চররমনী মোহন', 'charramonimohonup.lakshmipur.gov.bd', NULL, NULL),
(582, 61, 'Charkalkini', 'চর কালকিনি', 'charkalkiniup.lakshmipur.gov.bd', NULL, NULL),
(583, 61, 'Shaheberhat', 'সাহেবেরহাট', 'shaheberhatup.lakshmipur.gov.bd', NULL, NULL),
(584, 61, 'Char Martin', 'চর মার্টিন', 'charmartinup.lakshmipur.gov.bd', NULL, NULL),
(585, 61, 'Char Folcon', 'চর ফলকন', 'charfolconup.lakshmipur.gov.bd', NULL, NULL),
(586, 61, 'Patarirhat', 'পাটারীরহাট', 'patarirhatup.lakshmipur.gov.bd', NULL, NULL),
(587, 61, 'Hajirhat', 'হাজিরহাট', 'hajirhatup.lakshmipur.gov.bd', NULL, NULL),
(588, 61, 'Char Kadira', 'চর কাদিরা', 'charkadiraup.lakshmipur.gov.bd', NULL, NULL),
(589, 61, 'Torabgonj', 'তোরাবগঞ্জ', 'torabgonjup.lakshmipur.gov.bd', NULL, NULL),
(590, 61, 'Charlorench', 'চর লরেঞ্চ', 'charlorenchup.lakshmipur.gov.bd', NULL, NULL),
(591, 62, 'North Char Ababil', 'উত্তর চর আবাবিল', 'northcharababilup.lakshmipur.gov.bd', NULL, NULL),
(592, 62, 'North Char Bangshi', 'উত্তর চর বংশী', 'northcharbangshiup.lakshmipur.gov.bd', NULL, NULL),
(593, 62, 'Char Mohana', 'চর মোহনা', 'charmohanaup.lakshmipur.gov.bd', NULL, NULL),
(594, 62, 'Sonapur', 'সোনাপুর', 'sonapurup.lakshmipur.gov.bd', NULL, NULL),
(595, 62, 'Charpata', 'চর পাতা', 'charpataup.lakshmipur.gov.bd', NULL, NULL),
(596, 62, 'Bamni', 'বামনী', 'bamniup.lakshmipur.gov.bd', NULL, NULL),
(597, 62, 'South Char Bangshi', 'দক্ষিন চর বংশী', 'southcharbangshiup.lakshmipur.gov.bd', NULL, NULL),
(598, 62, 'South Char Ababil', 'দক্ষিন চর আবাবিল', 'southcharababilup.lakshmipur.gov.bd', NULL, NULL),
(599, 62, 'Raipur', 'রায়পুর', 'raipurup.lakshmipur.gov.bd', NULL, NULL),
(600, 62, 'Keora', 'কেরোয়া', 'keoraup.lakshmipur.gov.bd', NULL, NULL),
(601, 63, 'Char Poragacha', 'চর পোড়াগাছা', 'charporagachaup.lakshmipur.gov.bd', NULL, NULL),
(602, 63, 'Charbadam', 'চর বাদাম', 'charbadamup.lakshmipur.gov.bd', NULL, NULL),
(603, 63, 'Char Abdullah', 'চর আবদুল্যাহ', 'charabdullahup.lakshmipur.gov.bd', NULL, NULL),
(604, 63, 'Alxendar', 'আলেকজান্ডার', 'alxendarup.lakshmipur.gov.bd', NULL, NULL),
(605, 63, 'Char Algi', 'চর আলগী', 'charalgiup.lakshmipur.gov.bd', NULL, NULL),
(606, 63, 'Char Ramiz', 'চর রমিজ', 'charramizup.lakshmipur.gov.bd', NULL, NULL),
(607, 63, 'Borokheri', 'বড়খেড়ী', 'borokheriup.lakshmipur.gov.bd', NULL, NULL),
(608, 63, 'Chargazi', 'চরগাজী', 'chargaziup.lakshmipur.gov.bd', NULL, NULL),
(609, 64, 'Kanchanpur', 'কাঞ্চনপুর', 'kanchanpurup.lakshmipur.gov.bd', NULL, NULL),
(610, 64, 'Noagaon', 'নোয়াগাঁও', 'noagaonup.lakshmipur.gov.bd', NULL, NULL),
(611, 64, 'Bhadur', 'ভাদুর', 'bhadurup.lakshmipur.gov.bd', NULL, NULL),
(612, 64, 'Ichhapur', 'ইছাপুর', 'ichhapurup.lakshmipur.gov.bd', NULL, NULL),
(613, 64, 'Chandipur', 'চন্ডিপুর', 'chandipurup.lakshmipur.gov.bd', NULL, NULL),
(614, 64, 'Lamchar', 'লামচর', 'lamcharup.lakshmipur.gov.bd', NULL, NULL),
(615, 64, 'Darbeshpur', 'দরবেশপুর', 'darbeshpurup.lakshmipur.gov.bd', NULL, NULL),
(616, 64, 'Karpara', 'করপাড়া', 'karparaup.lakshmipur.gov.bd', NULL, NULL),
(617, 64, 'Bholakot', 'ভোলাকোট', 'bholakotup.lakshmipur.gov.bd', NULL, NULL),
(618, 64, 'Bhatra', 'ভাটরা', 'bhatraup.lakshmipur.gov.bd', NULL, NULL),
(619, 65, 'Rajanagar', 'রাজানগর', 'rajanagarup.chittagong.gov.bd', NULL, NULL),
(620, 65, 'Hosnabad', 'হোছনাবাদ', 'hosnabadup.chittagong.gov.bd', NULL, NULL),
(621, 65, 'Swanirbor Rangunia', 'স্বনির্ভর রাঙ্গুনিয়া', 'swanirborranguniaup.chittagong.gov.bd', NULL, NULL),
(622, 65, 'Mariumnagar', 'মরিয়মনগর', 'mariumnagarup.chittagong.gov.bd', NULL, NULL),
(623, 65, 'Parua', 'পারুয়া', 'paruaup.chittagong.gov.bd', NULL, NULL),
(624, 65, 'Pomra', 'পোমরা', 'pomraup.chittagong.gov.bd', NULL, NULL),
(625, 65, 'Betagi', 'বেতাগী', 'betagiup.chittagong.gov.bd', NULL, NULL),
(626, 65, 'Sharafbhata', 'সরফভাটা', 'sharafbhataup.chittagong.gov.bd', NULL, NULL),
(627, 65, 'Shilok', 'শিলক', 'shilokup.chittagong.gov.bd', NULL, NULL),
(628, 65, 'Chandraghona', 'চন্দ্রঘোনা', 'chandraghonaup.chittagong.gov.bd', NULL, NULL),
(629, 65, 'Kodala', 'কোদালা', 'kodalaup.chittagong.gov.bd', NULL, NULL),
(630, 65, 'Islampur', 'ইসলামপুর', 'islampurup.chittagong.gov.bd', NULL, NULL),
(631, 65, 'South Rajanagar', 'দক্ষিণ রাজানগর', 'southrajanagarup.chittagong.gov.bd', NULL, NULL),
(632, 65, 'Lalanagar', 'লালানগর', 'lalanagarup.chittagong.gov.bd', NULL, NULL);
INSERT INTO `unions` (`id`, `upazila_id`, `name`, `bn_name`, `url`, `created_at`, `updated_at`) VALUES
(633, 66, 'Kumira', 'কুমিরা', 'kumiraup.chittagong.gov.bd', NULL, NULL),
(634, 66, 'Banshbaria', 'বাঁশবারীয়া', 'banshbariaup.chittagong.gov.bd', NULL, NULL),
(635, 66, 'Barabkunda', 'বারবকুন্ড', 'barabkundaup.chittagong.gov.bd', NULL, NULL),
(636, 66, 'Bariadyala', 'বাড়িয়াডিয়ালা', 'bariadyalaup.chittagong.gov.bd', NULL, NULL),
(637, 66, 'Muradpur', 'মুরাদপুর', 'muradpurup.chittagong.gov.bd', NULL, NULL),
(638, 66, 'Saidpur', 'সাঈদপুর', 'saidpurup.chittagong.gov.bd', NULL, NULL),
(639, 66, 'Salimpur', 'সালিমপুর', 'salimpurup.chittagong.gov.bd', NULL, NULL),
(640, 66, 'Sonaichhari', 'সোনাইছড়ি', 'sonaichhariup.chittagong.gov.bd', NULL, NULL),
(641, 66, 'Bhatiari', 'ভাটিয়ারী', 'bhatiariup.chittagong.gov.bd', NULL, NULL),
(642, 67, 'Korerhat', 'করেরহাট', 'korerhatup.chittagong.gov.bd', NULL, NULL),
(643, 67, 'Hinguli', 'হিংগুলি', 'hinguliup.chittagong.gov.bd', NULL, NULL),
(644, 67, 'Jorarganj', 'জোরারগঞ্জ', 'jorarganjup.chittagong.gov.bd', NULL, NULL),
(645, 67, 'Dhoom', 'ধুম', 'dhoomup.chittagong.gov.bd', NULL, NULL),
(646, 67, 'Osmanpur', 'ওসমানপুর', 'osmanpurup.chittagong.gov.bd', NULL, NULL),
(647, 67, 'Ichakhali', 'ইছাখালী', 'ichakhaliup.chittagong.gov.bd', NULL, NULL),
(648, 67, 'Katachhara', 'কাটাছরা', 'katachharaup.chittagong.gov.bd', NULL, NULL),
(649, 67, 'Durgapur', 'দূর্গাপুর', 'durgapurup.chittagong.gov.bd', NULL, NULL),
(650, 67, 'Mirsharai', 'মীরসরাই', 'mirsharaiup.chittagong.gov.bd', NULL, NULL),
(651, 67, 'Mithanala', 'মিঠানালা', 'mithanalaup.chittagong.gov.bd', NULL, NULL),
(652, 67, 'Maghadia', 'মঘাদিয়া', 'maghadiaup.chittagong.gov.bd', NULL, NULL),
(653, 67, 'Khaiyachhara', 'খৈয়াছরা', 'khaiyachharaup.chittagong.gov.bd', NULL, NULL),
(654, 67, 'Mayani', 'মায়ানী', 'mayaniup.chittagong.gov.bd', NULL, NULL),
(655, 67, 'Haitkandi', 'হাইতকান্দি', 'haitkandiup.chittagong.gov.bd', NULL, NULL),
(656, 67, 'Wahedpur', 'ওয়াহেদপুর', 'wahedpurup.chittagong.gov.bd', NULL, NULL),
(657, 67, 'Saherkhali', 'সাহেরখালী', 'saherkhaliup.chittagong.gov.bd', NULL, NULL),
(658, 68, 'Asia', 'আশিয়া', 'asiaup.chittagong.gov.bd', NULL, NULL),
(659, 68, 'Kachuai', 'কাচুয়াই', 'kachuaiup.chittagong.gov.bd', NULL, NULL),
(660, 68, 'Kasiais', 'কাশিয়াইশ', 'kasiaisup.chittagong.gov.bd', NULL, NULL),
(661, 68, 'Kusumpura', 'কুসুমপুরা', 'kusumpuraup.chittagong.gov.bd', NULL, NULL),
(662, 68, 'Kelishahar', 'কেলিশহর', 'kelishaharup.chittagong.gov.bd', NULL, NULL),
(663, 68, 'Kolagaon', 'কোলাগাঁও', 'kolagaonup.chittagong.gov.bd', NULL, NULL),
(664, 68, 'Kharana', 'খরনা', 'kharanaup.chittagong.gov.bd', NULL, NULL),
(665, 68, 'Char Patharghata', 'চর পাথরঘাটা', 'charpatharghataup.chittagong.gov.bd', NULL, NULL),
(666, 68, 'Char Lakshya', 'চর লক্ষ্যা', 'charlakshyaup.chittagong.gov.bd', NULL, NULL),
(667, 68, 'Chanhara', 'ছনহরা', 'chanharaup.chittagong.gov.bd', NULL, NULL),
(668, 68, 'Janglukhain', 'জঙ্গলখাইন', 'janglukhainup.chittagong.gov.bd', NULL, NULL),
(669, 68, 'Jiri', 'জিরি', 'jiriup.chittagong.gov.bd', NULL, NULL),
(670, 68, 'Juldha', 'জুলধা', 'juldhaup.chittagong.gov.bd', NULL, NULL),
(671, 68, 'Dakkhin Bhurshi', 'দক্ষিণ ভূর্ষি', 'dakhinbhurshiup.chittagong.gov.bd', NULL, NULL),
(672, 68, 'Dhalghat', 'ধলঘাট', 'dhalghatup.chittagong.gov.bd', NULL, NULL),
(673, 68, 'Bara Uthan', 'বড় উঠান', 'barauthanup.chittagong.gov.bd', NULL, NULL),
(674, 68, 'Baralia', 'বরলিয়া', 'baraliaup.chittagong.gov.bd', NULL, NULL),
(675, 68, 'Bhatikhain', 'ভাটিখাইন', 'bhatikhainup.chittagong.gov.bd', NULL, NULL),
(676, 68, 'Sikalbaha', 'শিকলবাহা', 'sikalbahaup.chittagong.gov.bd', NULL, NULL),
(677, 68, 'Sobhandandi', 'শোভনদন্ডী', 'sobhandandiup.chittagong.gov.bd', NULL, NULL),
(678, 68, 'Habilasdwi', 'হাবিলাসদ্বীপ', 'habilasdwipup.chittagong.gov.bd', NULL, NULL),
(679, 68, 'Haidgaon', 'হাইদগাঁও', 'haidgaonup.chittagong.gov.bd', NULL, NULL),
(680, 69, 'Rahmatpur', 'রহমতপুর', 'rahmatpurup.chittagong.gov.bd', NULL, NULL),
(681, 69, 'Harispur', 'হরিশপুর', 'harispurup.chittagong.gov.bd', NULL, NULL),
(682, 69, 'Kalapania', 'কালাপানিয়া', 'kalapaniaup.chittagong.gov.bd', NULL, NULL),
(683, 69, 'Amanullah', 'আমানউল্যা', 'amanullahup.chittagong.gov.bd', NULL, NULL),
(684, 69, 'Santoshpur', 'সন্তোষপুর', 'santoshpurup.chittagong.gov.bd', NULL, NULL),
(685, 69, 'Gachhua', 'গাছুয়া', 'gachhuaup.chittagong.gov.bd', NULL, NULL),
(686, 69, 'Bauria', 'বাউরিয়া', 'bauriaup.chittagong.gov.bd', NULL, NULL),
(687, 69, 'Haramia', 'হারামিয়া', 'haramiaup.chittagong.gov.bd', NULL, NULL),
(688, 69, 'Magdhara', 'মগধরা', 'magdharaup.chittagong.gov.bd', NULL, NULL),
(689, 69, 'Maitbhanga', 'মাইটভাঙ্গা', 'maitbhangaup.chittagong.gov.bd', NULL, NULL),
(690, 69, 'Sarikait', 'সারিকাইত', 'sarikaitup.chittagong.gov.bd', NULL, NULL),
(691, 69, 'Musapur', 'মুছাপুর', 'musapurup.chittagong.gov.bd', NULL, NULL),
(692, 69, 'Azimpur', 'আজিমপুর', 'azimpurup.chittagong.gov.bd', NULL, NULL),
(693, 69, 'Urirchar', 'উড়িরচর', 'urircharup.chittagong.gov.bd', NULL, NULL),
(694, 70, 'Pukuria', 'পুকুরিয়া', 'pukuriaup.chittagong.gov.bd', NULL, NULL),
(695, 70, 'Sadhanpur', 'সাধনপুর', 'sadhanpurup.chittagong.gov.bd', NULL, NULL),
(696, 70, 'Khankhanabad', 'খানখানাবাদ', 'khankhanabadup.chittagong.gov.bd', NULL, NULL),
(697, 70, 'Baharchhara', 'বাহারছড়া', 'baharchharaup.chittagong.gov.bd', NULL, NULL),
(698, 70, 'Kalipur', 'কালীপুর', 'kalipurup.chittagong.gov.bd', NULL, NULL),
(699, 70, 'Bailchhari', 'বৈলছড়ি', 'bailchhariup.chittagong.gov.bd', NULL, NULL),
(700, 70, 'Katharia', 'কাথরিয়া', 'kathariaup.chittagong.gov.bd', NULL, NULL),
(701, 70, 'Saral', 'সরল', 'saralup.chittagong.gov.bd', NULL, NULL),
(702, 70, 'Silk', 'শীলকুপ', 'silkupup.chittagong.gov.bd', NULL, NULL),
(703, 70, 'Chambal', 'চাম্বল', 'chambalup.chittagong.gov.bd', NULL, NULL),
(704, 70, 'Gandamara', 'গন্ডামারা', 'gandamaraup.chittagong.gov.bd', NULL, NULL),
(705, 70, 'Sekherkhil', 'শেখেরখীল', 'sekherkhilup.chittagong.gov.bd', NULL, NULL),
(706, 70, 'Puichhari', 'পুঁইছড়ি', 'puichhariup.chittagong.gov.bd', NULL, NULL),
(707, 70, 'Chhanua', 'ছনুয়া', 'chhanuaup.chittagong.gov.bd', NULL, NULL),
(708, 71, 'Kandhurkhil', 'কধুরখীল', 'kandhurkhilup.chittagong.gov.bd', NULL, NULL),
(709, 71, 'Pashchim Gamdandi', 'পশ্চিম গোমদন্ডী', 'pashchimgamdandiup.chittagong.gov.bd', NULL, NULL),
(710, 71, 'Purba Gomdandi', 'পুর্ব গোমদন্ডী', 'purbagomdandiup.chittagong.gov.bd', NULL, NULL),
(711, 71, 'Sakpura', 'শাকপুরা', 'sakpuraup.chittagong.gov.bd', NULL, NULL),
(712, 71, 'Saroatali', 'সারোয়াতলী', 'saroataliup.chittagong.gov.bd', NULL, NULL),
(713, 71, 'Popadia', 'পোপাদিয়া', 'popadiaup.chittagong.gov.bd', NULL, NULL),
(714, 71, 'Charandwi', 'চরনদ্বীপ', 'charandwipup.chittagong.gov.bd', NULL, NULL),
(715, 71, 'Sreepur-Kharandwi', 'শ্রীপুর-খরন্দীপ', 'sreepurkharandwipup.chittagong.gov.bd', NULL, NULL),
(716, 71, 'Amuchia', 'আমুচিয়া', 'amuchiaup.chittagong.gov.bd', NULL, NULL),
(717, 71, 'Ahla Karaldenga', 'আহল্লা করলডেঙ্গা', 'ahlakaraldengaup.chittagong.gov.bd', NULL, NULL),
(718, 72, 'Boirag', 'বৈরাগ', 'boiragup.chittagong.gov.bd', NULL, NULL),
(719, 72, 'Barasat', 'বারশত', 'barasatup.chittagong.gov.bd', NULL, NULL),
(720, 72, 'Raipur', 'রায়পুর', 'raipurup.chittagong.gov.bd', NULL, NULL),
(721, 72, 'Battali', 'বটতলী', 'battaliup.chittagong.gov.bd', NULL, NULL),
(722, 72, 'Barumchara', 'বরম্নমচড়া', 'barumcharaup.chittagong.gov.bd', NULL, NULL),
(723, 72, 'Baroakhan', 'বারখাইন', 'baroakhanup.chittagong.gov.bd', NULL, NULL),
(724, 72, 'Anwara', 'আনোয়ারা', 'anwaraup.chittagong.gov.bd', NULL, NULL),
(725, 72, 'Chatari', 'চাতরী', 'chatariup.chittagong.gov.bd', NULL, NULL),
(726, 72, 'Paraikora', 'পরৈকোড়া', 'paraikoraup.chittagong.gov.bd', NULL, NULL),
(727, 72, 'Haildhar', 'হাইলধর', 'haildharup.chittagong.gov.bd', NULL, NULL),
(728, 72, 'Juidandi', 'জুঁইদন্ডী', 'juidandiup.chittagong.gov.bd', NULL, NULL),
(729, 73, 'Kanchanabad', 'কাঞ্চনাবাদ', 'kanchanabadup.chittagong.gov.bd', NULL, NULL),
(730, 73, 'Joara', 'জোয়ারা', 'joaraup.chittagong.gov.bd', NULL, NULL),
(731, 73, 'Barkal', 'বরকল', 'barkalup.chittagong.gov.bd', NULL, NULL),
(732, 73, 'Barama', 'বরমা', 'baramaup.chittagong.gov.bd', NULL, NULL),
(733, 73, 'Bailtali', 'বৈলতলী', 'bailtaliup.chittagong.gov.bd', NULL, NULL),
(734, 73, 'Satbaria', 'সাতবাড়িয়া', 'satbariaup.chittagong.gov.bd', NULL, NULL),
(735, 73, 'Hashimpur', 'হাশিমপুর', 'hashimpurup.chittagong.gov.bd', NULL, NULL),
(736, 73, 'Dohazari', 'দোহাজারী', 'dohazariup.chittagong.gov.bd', NULL, NULL),
(737, 73, 'Dhopachhari', 'ধোপাছড়ী', 'dhopachhariup.chittagong.gov.bd', NULL, NULL),
(738, 74, 'Charati', 'চরতী', 'charatiup.chittagong.gov.bd', NULL, NULL),
(739, 74, 'Khagaria', 'খাগরিয়া', 'khagariaup.chittagong.gov.bd', NULL, NULL),
(740, 74, 'Nalua', 'নলুয়া', 'naluaup.chittagong.gov.bd', NULL, NULL),
(741, 74, 'Kanchana', 'কাঞ্চনা', 'kanchanaup.chittagong.gov.bd', NULL, NULL),
(742, 74, 'Amilaisi', 'আমিলাইশ', 'amilaisiup.chittagong.gov.bd', NULL, NULL),
(743, 74, 'Eochiai', 'এওচিয়া', 'eochiaiup.chittagong.gov.bd', NULL, NULL),
(744, 74, 'Madarsa', 'মাদার্শা', 'madarsaup.chittagong.gov.bd', NULL, NULL),
(745, 74, 'Dhemsa', 'ঢেমশা', 'dhemsaup.chittagong.gov.bd', NULL, NULL),
(746, 74, 'Paschim Dhemsa', 'পশ্চিম ঢেমশা', 'paschimdhemsaup.chittagong.gov.bd', NULL, NULL),
(747, 74, 'Keochia', 'কেঁওচিয়া', 'keochiaup.chittagong.gov.bd', NULL, NULL),
(748, 74, 'Kaliais', 'কালিয়াইশ', 'kaliaisup.chittagong.gov.bd', NULL, NULL),
(749, 74, 'Bazalia', 'বাজালিয়া', 'bazaliaup.chittagong.gov.bd', NULL, NULL),
(750, 74, 'Puranagar', 'পুরানগড়', 'puranagarup.chittagong.gov.bd', NULL, NULL),
(751, 74, 'Sadaha', 'ছদাহা', 'sadahaup.chittagong.gov.bd', NULL, NULL),
(752, 74, 'Satkania', 'সাতকানিয়া', 'satkaniaup.chittagong.gov.bd', NULL, NULL),
(753, 74, 'Sonakania', 'সোনাকানিয়া', 'sonakaniaup.chittagong.gov.bd', NULL, NULL),
(754, 75, 'Padua', 'পদুয়া', 'paduaup.chittagong.gov.bd', NULL, NULL),
(755, 75, 'Barahatia', 'বড়হাতিয়া', 'barahatiaup.chittagong.gov.bd', NULL, NULL),
(756, 75, 'Amirabad', 'আমিরাবাদ', 'amirabadup.chittagong.gov.bd', NULL, NULL),
(757, 75, 'Charamba', 'চরম্বা', 'charambaup.chittagong.gov.bd', NULL, NULL),
(758, 75, 'Kalauzan', 'কলাউজান', 'kalauzanup.chittagong.gov.bd', NULL, NULL),
(759, 75, 'Lohagara', 'লোহাগাড়া', 'lohagaraup.chittagong.gov.bd', NULL, NULL),
(760, 75, 'Putibila', 'পুটিবিলা', 'putibilaup.chittagong.gov.bd', NULL, NULL),
(761, 75, 'Chunati', 'চুনতি', 'chunatiup.chittagong.gov.bd', NULL, NULL),
(762, 75, 'Adhunagar', 'আধুনগর', 'adhunagarup.chittagong.gov.bd', NULL, NULL),
(763, 76, 'Farhadabad', 'ফরহাদাবাদ', 'farhadabadup.chittagong.gov.bd', NULL, NULL),
(764, 76, 'Dhalai', 'ধলই', 'dhalaiup.chittagong.gov.bd', NULL, NULL),
(765, 76, 'Mirjapur', 'মির্জাপুর', 'mirjapurup.chittagong.gov.bd', NULL, NULL),
(766, 76, 'Nangolmora', 'নাঙ্গলমোরা', 'nangolmoraup.chittagong.gov.bd', NULL, NULL),
(767, 76, 'Gomanmordan', 'গুমানমর্দ্দন', 'gomanmordanup.chittagong.gov.bd', NULL, NULL),
(768, 76, 'Chipatali', 'ছিপাতলী', 'chipataliup.chittagong.gov.bd', NULL, NULL),
(769, 76, 'Mekhal', 'মেখল', 'mekhalup.chittagong.gov.bd', NULL, NULL),
(770, 76, 'Garduara', 'গড়দুয়ারা', 'garduaraup.chittagong.gov.bd', NULL, NULL),
(771, 76, 'Fathepur', 'ফতেপুর', 'fathepurup.chittagong.gov.bd', NULL, NULL),
(772, 76, 'Chikondandi', 'চিকনদন্ডী', 'chikondandiup.chittagong.gov.bd', NULL, NULL),
(773, 76, 'Uttar Madrasha', 'উত্তর মাদার্শা', 'uttarmadrashaup.chittagong.gov.bd', NULL, NULL),
(774, 76, 'Dakkin Madrasha', 'দক্ষিন মাদার্শা', 'dakkinmadrashaup.chittagong.gov.bd', NULL, NULL),
(775, 76, 'Sikarpur', 'শিকারপুর', 'sikarpurup.chittagong.gov.bd', NULL, NULL),
(776, 76, 'Budirchar', 'বুডিরশ্চর', 'budircharup.chittagong.gov.bd', NULL, NULL),
(777, 76, 'Hathazari', 'হাটহাজারী', 'hathazariup.chittagong.gov.bd', NULL, NULL),
(778, 77, 'Dharmapur', 'ধর্মপুর', 'dharmapurup.chittagong.gov.bd', NULL, NULL),
(779, 77, 'Baganbazar', 'বাগান বাজার', 'baganbazarup.chittagong.gov.bd', NULL, NULL),
(780, 77, 'Dantmara', 'দাঁতমারা', 'dantmaraup.chittagong.gov.bd', NULL, NULL),
(781, 77, 'Narayanhat', 'নারায়নহাট', 'narayanhatup.chittagong.gov.bd', NULL, NULL),
(782, 77, 'Bhujpur', 'ভূজপুর', 'bhujpurup.chittagong.gov.bd', NULL, NULL),
(783, 77, 'Harualchari', 'হারুয়ালছড়ি', 'harualchariup.chittagong.gov.bd', NULL, NULL),
(784, 77, 'Paindong', 'পাইনদং', 'paindongup.chittagong.gov.bd', NULL, NULL),
(785, 77, 'Kanchannagor', 'কাঞ্চনগর', 'kanchannagorup.chittagong.gov.bd', NULL, NULL),
(786, 77, 'Sunderpur', 'সুনদরপুর', 'sunderpurup.chittagong.gov.bd', NULL, NULL),
(787, 77, 'Suabil', 'সুয়াবিল', 'Suabilup.chittagong.gov.bd', NULL, NULL),
(788, 77, 'Abdullapur', 'আবদুল্লাপুর', 'abdullapurup.chittagong.gov.bd', NULL, NULL),
(789, 77, 'Samitirhat', 'সমিতির হাট', 'samitirhatup.chittagong.gov.bd', NULL, NULL),
(790, 77, 'Jafathagar', 'জাফতনগর', 'jafathagarup.chittagong.gov.bd', NULL, NULL),
(791, 77, 'Bokhtapur', 'বক্তপুর', 'bokhtapurup.chittagong.gov.bd', NULL, NULL),
(792, 77, 'Roshangiri', 'রোসাংগিরী', 'roshangiriup.chittagong.gov.bd', NULL, NULL),
(793, 77, 'Nanupur', 'নানুপুর', 'nanupurup.chittagong.gov.bd', NULL, NULL),
(794, 77, 'Lelang', 'লেলাং', 'lelangup.chittagong.gov.bd', NULL, NULL),
(795, 77, 'Daulatpur', 'দৌলতপুর', 'daulatpurup.chittagong.gov.bd', NULL, NULL),
(796, 78, 'Raozan', 'রাউজান', 'raozanup.chittagong.gov.bd', NULL, NULL),
(797, 78, 'Bagoan', 'বাগোয়ান', 'bagoanup.chittagong.gov.bd', NULL, NULL),
(798, 78, 'Binajuri', 'বিনাজুরী', 'binajuriup.chittagong.gov.bd', NULL, NULL),
(799, 78, 'Chikdair', 'চিকদাইর', 'chikdairup.chittagong.gov.bd', NULL, NULL),
(800, 78, 'Dabua', 'ডাবুয়া', 'dabuaup.chittagong.gov.bd', NULL, NULL),
(801, 78, 'Purbagujra', 'পূর্ব গুজরা', 'purbagujraup.chittagong.gov.bd', NULL, NULL),
(802, 78, 'Paschim Gujra', 'পশ্চিম গুজরা', 'paschimgujraup.chittagong.gov.bd', NULL, NULL),
(803, 78, 'Gohira', 'গহিরা', 'gohiraup.chittagong.gov.bd', NULL, NULL),
(804, 78, 'Holdia', 'হলদিয়া', 'holdiaup.chittagong.gov.bd', NULL, NULL),
(805, 78, 'Kodolpur', 'কদলপূর', 'kodolpurup.chittagong.gov.bd', NULL, NULL),
(806, 78, 'Noapara', 'নোয়াপাড়া', 'noaparaup.chittagong.gov.bd', NULL, NULL),
(807, 78, 'Pahartali', 'পাহাড়তলী', 'pahartaliup.chittagong.gov.bd', NULL, NULL),
(808, 78, 'Urkirchar', 'উড়কিরচর', 'urkircharup.chittagong.gov.bd', NULL, NULL),
(809, 78, 'Nowajushpur', 'নওয়াজিশপুর', 'nowajushpurup.chittagong.gov.bd', NULL, NULL),
(810, 79, 'Char Patharghata', 'চর পাথরঘাটা', 'charpatharghataup.chittagong.gov.bd', NULL, NULL),
(811, 79, 'Char Lakshya', 'চর লক্ষ্যা', 'charlakshyaup.chittagong.gov.bd', NULL, NULL),
(812, 79, 'Juldha', 'জুলধা', 'juldhaup.chittagong.gov.bd', NULL, NULL),
(813, 79, 'Barauthan', 'বড় উঠান', 'barauthanup.chittagong.gov.bd', NULL, NULL),
(814, 79, 'Sikalbaha', 'শিকলবাহা', 'sikalbahaup.chittagong.gov.bd', NULL, NULL),
(815, 80, 'Islamabad', 'ইসলামাবাদ', 'islamabadup.coxsbazar.gov.bd', NULL, NULL),
(816, 80, 'Islampur', 'ইসলামপুর', 'islampurup.coxsbazar.gov.bd', NULL, NULL),
(817, 80, 'Pokkhali', 'পোকখালী', 'pokkhaliup.coxsbazar.gov.bd', NULL, NULL),
(818, 80, 'Eidgaon', 'ঈদগাঁও', 'eidgaonup.coxsbazar.gov.bd', NULL, NULL),
(819, 80, 'Jalalabad', 'জালালাবাদ', 'jalalabadup.coxsbazar.gov.bd', NULL, NULL),
(820, 80, 'Chowfaldandi', 'চৌফলদন্ডী', 'chowfaldandi.coxsbazar.gov.bd', NULL, NULL),
(821, 80, 'Varuakhali', 'ভারুয়াখালী', 'varuakhaliup.coxsbazar.gov.bd', NULL, NULL),
(822, 80, 'Pmkhali', 'পিএমখালী', 'pmkhaliup.coxsbazar.gov.bd', NULL, NULL),
(823, 80, 'Khurushkhul', 'খুরুশকুল', 'khurushkhulup.coxsbazar.gov.bd', NULL, NULL),
(824, 80, 'Jhilongjha', 'ঝিলংঝা', 'jhilongjhaup.coxsbazar.gov.bd', NULL, NULL),
(825, 81, 'Kakhara', 'কাকারা', 'Kakharaup.coxsbazar.gov.bd', NULL, NULL),
(826, 81, 'Kaiar Bil', 'কাইয়ার বিল', 'kaiarbilup.coxsbazar.gov.bd', NULL, NULL),
(827, 81, 'Konakhali', 'কোনাখালী', 'konakhaliup.coxsbazar.gov.bd', NULL, NULL),
(828, 81, 'Khuntakhali', 'খুটাখালী', 'khuntakhaliup.coxsbazar.gov.bd', NULL, NULL),
(829, 81, 'Chiringa', 'চিরিঙ্গা', 'chiringaup.coxsbazar.gov.bd', NULL, NULL),
(830, 81, 'Demusia', 'ঢেমুশিয়া', 'demusiaup.coxsbazar.gov.bd', NULL, NULL),
(831, 81, 'Dulahazara', 'ডুলাহাজারা', 'dulahazaraup.coxsbazar.gov.bd', NULL, NULL),
(832, 81, 'Paschim Bara Bheola', 'পশ্চিম বড় ভেওলা', 'paschimbarabheolaup.coxsbazar.gov.bd', NULL, NULL),
(833, 81, 'Badarkhali', 'বদরখালী', 'badarkhaliup.coxsbazar.gov.bd', NULL, NULL),
(834, 81, 'Bamobil Chari', 'বামু বিলছড়ি', 'bamobilchariup.coxsbazar.gov.bd', NULL, NULL),
(835, 81, 'Baraitali', 'বড়ইতলী', 'baraitaliup.coxsbazar.gov.bd', NULL, NULL),
(836, 81, 'Bheola Manik Char', 'ভেওলা মানিক চর', 'bheolamanikcharup.coxsbazar.gov.bd', NULL, NULL),
(837, 81, 'Saharbil', 'শাহারবিল', 'saharbilup.coxsbazar.gov.bd', NULL, NULL),
(838, 81, 'Surajpur Manikpur', 'সুরজপুর মানিকপুর', 'surajpurmanikpurup.coxsbazar.gov.bd', NULL, NULL),
(839, 81, 'Harbang', 'হারবাঙ্গ', 'harbangup.coxsbazar.gov.bd', NULL, NULL),
(840, 81, 'Fashiakhali', 'ফাঁসিয়াখালী', 'fashiakhaliup.coxsbazar.gov.bd', NULL, NULL),
(841, 82, 'Ali Akbar Deil', 'আলি আকবর ডেইল', 'aliakbardeilup.coxsbazar.gov.bd', NULL, NULL),
(842, 82, 'Uttar Dhurung', 'উত্তর ধুরুং', 'uttardhurungup.coxsbazar.gov.bd', NULL, NULL),
(843, 82, 'Kaiyarbil', 'কৈয়ারবিল', 'kaiyarbilup.coxsbazar.gov.bd', NULL, NULL),
(844, 82, 'Dakshi Dhurung', 'দক্ষিণ ধুরুং', 'dakshidhurungup.coxsbazar.gov.bd', NULL, NULL),
(845, 82, 'Baragho', 'বড়ঘোপ', 'baraghopup.coxsbazar.gov.bd', NULL, NULL),
(846, 82, 'Lemsikhali', 'লেমসিখালী', 'lemsikhaliup.coxsbazar.gov.bd', NULL, NULL),
(847, 83, 'Rajapalong', 'রাজাপালং', 'rajapalongup.coxsbazar.gov.bd', NULL, NULL),
(848, 83, 'Jaliapalong', 'জালিয়াপালং', 'jaliapalongup.coxsbazar.gov.bd', NULL, NULL),
(849, 83, 'Holdiapalong', 'হলদিয়াপালং', 'holdiapalongup.coxsbazar.gov.bd', NULL, NULL),
(850, 83, 'Ratnapalong', 'রত্নাপালং', 'ratnapalongup.coxsbazar.gov.bd', NULL, NULL),
(851, 83, 'Palongkhali', 'পালংখালী', 'palongkhali.coxsbazar.gov.bd', NULL, NULL),
(852, 84, 'Boro Moheshkhali', 'বড় মহেশখালী', 'boramoheshkhaliup.coxsbazar.gov.bd', NULL, NULL),
(853, 84, 'Choto Moheshkhali', 'ছোট মহেশখালী', 'chotamoheshkhaliup.coxsbazar.gov.bd', NULL, NULL),
(854, 84, 'Shaplapur', 'শাপলাপুর', 'shaplapurup.coxsbazar.gov.bd', NULL, NULL),
(855, 84, 'Kutubjum', 'কুতুবজোম', 'kutubjumup.coxsbazar.gov.bd', NULL, NULL),
(856, 84, 'Hoanak', 'হোয়ানক', 'hoanakup.coxsbazar.gov.bd', NULL, NULL),
(857, 84, 'Kalarmarchhara', 'কালারমারছড়া', 'kalarmarchharaup.coxsbazar.gov.bd', NULL, NULL),
(858, 84, 'Matarbari', 'মাতারবাড়ী', 'matarbariup.coxsbazar.gov.bd', NULL, NULL),
(859, 84, 'Dhalghata', 'ধলঘাটা', 'dhalghataup.coxsbazar.gov.bd', NULL, NULL),
(860, 85, 'Ujantia', 'উজানটিয়া', 'ujantiaup.coxsbazar.gov.bd', NULL, NULL),
(861, 85, 'Taitong', 'টাইটং', 'taitongup.coxsbazar.gov.bd', NULL, NULL),
(862, 85, 'Pekua', 'পেকুয়া', 'pekuaup.coxsbazar.gov.bd', NULL, NULL),
(863, 85, 'Barabakia', 'বড় বাকিয়া', 'barabakiaup.coxsbazar.gov.bd', NULL, NULL),
(864, 85, 'Magnama', 'মগনামা', 'magnamaup.coxsbazar.gov.bd', NULL, NULL),
(865, 85, 'Rajakhali', 'রাজাখালী', 'rajakhaliup.coxsbazar.gov.bd', NULL, NULL),
(866, 85, 'Shilkhali', 'শীলখালী', 'shilkhaliup.coxsbazar.gov.bd', NULL, NULL),
(867, 86, 'Fotekharkul', 'ফতেখাঁরকুল', 'fotekharkulup.coxsbazar.gov.bd', NULL, NULL),
(868, 86, 'Rajarkul', 'রাজারকুল', 'rajarkulup.coxsbazar.gov.bd', NULL, NULL),
(869, 86, 'Rashidnagar', 'রশীদনগর', 'rashidnagarup.coxsbazar.gov.bd', NULL, NULL),
(870, 86, 'Khuniapalong', 'খুনিয়াপালং', 'khuniapalongup.coxsbazar.gov.bd', NULL, NULL),
(871, 86, 'Eidghar', 'ঈদগড়', 'eidgharup.coxsbazar.gov.bd', NULL, NULL),
(872, 86, 'Chakmarkul', 'চাকমারকুল', 'chakmarkulup.coxsbazar.gov.bd', NULL, NULL),
(873, 86, 'Kacchapia', 'কচ্ছপিয়া', 'kacchapiaup.coxsbazar.gov.bd', NULL, NULL),
(874, 86, 'Kauwarkho', 'কাউয়ারখোপ', 'kauwarkhopup.coxsbazar.gov.bd', NULL, NULL),
(875, 86, 'Dakkhin Mithachhari', 'দক্ষিণ মিঠাছড়ি', 'dakkhinmithachhariup.coxsbazar.gov.bd', NULL, NULL),
(876, 86, 'Jouarianala', 'জোয়ারিয়া নালা', 'jouarianalaup.coxsbazar.gov.bd', NULL, NULL),
(877, 86, 'Garjoniya', 'গর্জনিয়া', 'garjoniyaup.coxsbazar.gov.bd', NULL, NULL),
(878, 87, 'Subrang', 'সাবরাং', 'subrangup.coxsbazar.gov.bd', NULL, NULL),
(879, 87, 'Baharchara', 'বাহারছড়া', 'baharcharaup.coxsbazar.gov.bd', NULL, NULL),
(880, 87, 'Hnila', 'হ্নীলা', 'hnilaup.coxsbazar.gov.bd', NULL, NULL),
(881, 87, 'Whykong', 'হোয়াইক্যং', 'whykongup.coxsbazar.gov.bd', NULL, NULL),
(882, 87, 'Saintmartin', 'সেন্ট মার্টিন', 'saintmartinup.coxsbazar.gov.bd', NULL, NULL),
(883, 87, 'Teknaf Sadar', 'টেকনাফ সদর', 'teknafsadarup.coxsbazar.gov.bd', NULL, NULL),
(884, 88, 'Khagrachhari Sadar', 'খাগরাছড়ি সদর', 'sadarup.khagrachhari.gov.bd', NULL, NULL),
(885, 88, 'Golabari', 'গোলাবাড়ী', 'golabariup.khagrachhari.gov.bd', NULL, NULL),
(886, 88, 'Parachara', 'পেরাছড়া', 'paracharaup.khagrachhari.gov.bd', NULL, NULL),
(887, 88, 'Kamalchari', 'কমলছড়ি', 'kamalchariup.khagrachhari.gov.bd', NULL, NULL),
(888, 89, 'Merung', 'মেরুং', 'merungup.khagrachhari.gov.bd', NULL, NULL),
(889, 89, 'Boalkhali', 'বোয়ালখালী', 'boalkhaliup.khagrachhari.gov.bd', NULL, NULL),
(890, 89, 'Kabakhali', 'কবাখালী', 'kabakhaliup.khagrachhari.gov.bd', NULL, NULL),
(891, 89, 'Dighinala', 'দিঘীনালা', 'dighinalaup.khagrachhari.gov.bd', NULL, NULL),
(892, 89, 'Babuchara', 'বাবুছড়া', 'babucharaup.khagrachhari.gov.bd', NULL, NULL),
(893, 90, 'Logang', 'লোগাং', 'logangup.khagrachhari.gov.bd', NULL, NULL),
(894, 90, 'Changi', 'চেংগী', 'changiup.khagrachhari.gov.bd', NULL, NULL),
(895, 90, 'Panchari', 'পানছড়ি', 'panchariup.khagrachhari.gov.bd', NULL, NULL),
(896, 90, 'Latiban', 'লতিবান', 'latibanup.khagrachhari.gov.bd', NULL, NULL),
(897, 91, 'Dullyatali', 'দুল্যাতলী', 'dullyataliup.khagrachhari.gov.bd', NULL, NULL),
(898, 91, 'Barmachari', 'বর্মাছড়ি', 'barmachariup.khagrachhari.gov.bd', NULL, NULL),
(899, 91, 'Laxmichhari', 'লক্ষীছড়ি', 'laxmichhariup.khagrachhari.gov.bd', NULL, NULL),
(900, 92, 'Bhaibonchara', 'ভাইবোনছড়া', 'bhaiboncharaup.khagrachhari.gov.bd', NULL, NULL),
(901, 92, 'Mahalchari', 'মহালছড়ি', 'mahalchariup.khagrachhari.gov.bd', NULL, NULL),
(902, 92, 'Mobachari', 'মুবাছড়ি', 'mobachariup.khagrachhari.gov.bd', NULL, NULL),
(903, 92, 'Kayanghat', 'ক্যায়াংঘাট', 'kayanghatup.khagrachhari.gov.bd', NULL, NULL),
(904, 92, 'Maischari', 'মাইসছড়ি', 'maischariup.khagrachhari.gov.bd', NULL, NULL),
(905, 93, 'Manikchari', 'মানিকছড়ি', 'manikchariup.khagrachhari.gov.bd', NULL, NULL),
(906, 93, 'Batnatali', 'বাটনাতলী', 'batnataliup.khagrachhari.gov.bd', NULL, NULL),
(907, 93, 'Jogyachola', 'যোগ্যছোলা', 'jogyacholaup.khagrachhari.gov.bd', NULL, NULL),
(908, 93, 'Tintahari', 'তিনটহরী', 'tintahariup.khagrachhari.gov.bd', NULL, NULL),
(909, 94, 'Ramgarh', 'রামগড়', 'ramgarhup.khagrachhari.gov.bd', NULL, NULL),
(910, 94, 'Patachara', 'পাতাছড়া', 'patacharaup.khagrachhari.gov.bd', NULL, NULL),
(911, 94, 'Hafchari', 'হাফছড়ি', 'hafchariup.khagrachhari.gov.bd', NULL, NULL),
(912, 95, 'Taindong', 'তাইন্দং', 'taindongup.khagrachhari.gov.bd', NULL, NULL),
(913, 95, 'Tabalchari', 'তবলছড়ি', 'tabalchariup.khagrachhari.gov.bd', NULL, NULL),
(914, 95, 'Barnal', 'বর্ণাল', 'barnalup.khagrachhari.gov.bd', NULL, NULL),
(915, 95, 'Gomti', 'গোমতি', 'gomtiup.khagrachhari.gov.bd', NULL, NULL),
(916, 95, 'Balchari', 'বেলছড়ি', 'balchariup.khagrachhari.gov.bd', NULL, NULL),
(917, 95, 'Matiranga', 'মাটিরাঙ্গা', 'matirangaup.khagrachhari.gov.bd', NULL, NULL),
(918, 95, 'Guimara', 'গুইমারা', 'guimaraup.khagrachhari.gov.bd', NULL, NULL),
(919, 95, 'Amtali', 'আমতলি', 'amtaliup.khagrachhari.gov.bd', NULL, NULL),
(920, 97, 'Rajbila', 'রাজবিলা', 'rajbilaup.bandarban.gov.bd', NULL, NULL),
(921, 97, 'Tongkaboty', 'টংকাবতী', 'tongkabotyup.bandarban.gov.bd', NULL, NULL),
(922, 97, 'Suwalok', 'সুয়ালক', 'suwalokup.bandarban.gov.bd', NULL, NULL),
(923, 97, 'Bandarban Sadar', 'বান্দরবান সদর', 'bandarbansadarup.bandarban.gov.bd', NULL, NULL),
(924, 97, 'Kuhalong', 'কুহালং', 'kuhalongup.bandarban.gov.bd', NULL, NULL),
(925, 98, 'Alikadam Sadar', 'আলীকদম সদর', 'alikadamsadarup.bandarban.gov.bd', NULL, NULL),
(926, 98, 'Chwekhyong', 'চৈক্ষ্যং', 'chwekhyongup.bandarban.gov.bd', NULL, NULL),
(927, 99, 'Naikhyongchari Sadar', 'নাইক্ষ্যংছড়ি সদর', 'naikhyongcharisadarup.bandarban.gov.bd', NULL, NULL),
(928, 99, 'Gumdhum', 'ঘুমধুম', 'gumdhumup.bandarban.gov.bd', NULL, NULL),
(929, 99, 'Baishari', 'বাইশারী', 'baishariup.bandarban.gov.bd', NULL, NULL),
(930, 99, 'Sonaychari', 'সোনাইছড়ি', 'sonaychariup.bandarban.gov.bd', NULL, NULL),
(931, 99, 'Duwchari', 'দোছড়ি', 'duwchariup.bandarban.gov.bd', NULL, NULL),
(932, 100, 'Rowangchari Sadar', 'রোয়াংছড়ি সদর', 'rowangcharisadarup.bandarban.gov.bd', NULL, NULL),
(933, 100, 'Taracha', 'তারাছা', 'tarachaup.bandarban.gov.bd', NULL, NULL),
(934, 100, 'Alekyong', 'আলেক্ষ্যং', 'alekyongup.bandarban.gov.bd', NULL, NULL),
(935, 100, 'Nawapotong', 'নোয়াপতং', 'nawapotongup.bandarban.gov.bd', NULL, NULL),
(936, 101, 'Gajalia', 'গজালিয়া', 'gajaliaup.bandarban.gov.bd', NULL, NULL),
(937, 101, 'Lama Sadar', 'লামা সদর', 'lamasadarup.bandarban.gov.bd', NULL, NULL),
(938, 101, 'Fasiakhali', 'ফাসিয়াখালী', 'fasiakhaliup.bandarban.gov.bd', NULL, NULL),
(939, 101, 'Fythong', 'ফাইতং', 'fythongup.bandarban.gov.bd', NULL, NULL),
(940, 101, 'Rupushipara', 'রূপসীপাড়া', 'rupushiparaup.bandarban.gov.bd', NULL, NULL),
(941, 101, 'Sarai', 'সরই', 'saraiup.bandarban.gov.bd', NULL, NULL),
(942, 101, 'Aziznagar', 'আজিজনগর', 'aziznagarup.bandarban.gov.bd', NULL, NULL),
(943, 102, 'Paind', 'পাইন্দু', 'painduup.bandarban.gov.bd', NULL, NULL),
(944, 102, 'Ruma Sadar', 'রুমা সদর', 'rumasadarup.bandarban.gov.bd', NULL, NULL),
(945, 102, 'Ramakreprangsa', 'রেমাক্রীপ্রাংসা', 'ramakreprangsaup.bandarban.gov.bd', NULL, NULL),
(946, 102, 'Galanggya', 'গ্যালেংগ্যা', 'galanggyaup.bandarban.gov.bd', NULL, NULL),
(947, 103, 'Remakre', 'রেমাক্রী', 'remakreup.bandarban.gov.bd', NULL, NULL),
(948, 103, 'Tind', 'তিন্দু', 'tinduup.bandarban.gov.bd', NULL, NULL),
(949, 103, 'Thanchi Sadar', 'থানচি সদর', 'thanchisadarup.bandarban.gov.bd', NULL, NULL),
(950, 103, 'Balipara', 'বলিপাড়া', 'baliparaup.bandarban.gov.bd', NULL, NULL),
(951, 104, 'Rajapur', 'রাজাপুর', 'rajapurup.sirajganj.gov.bd', NULL, NULL),
(952, 104, 'Baradhul', 'বড়ধুল', 'baradhulup.sirajganj.gov.bd', NULL, NULL),
(953, 104, 'Belkuchi Sadar', 'বেলকুচি সদর', 'belkuchisadarup.sirajganj.gov.bd', NULL, NULL),
(954, 104, 'Dhukuriabera', 'ধুকুরিয়া বেড়া', 'dhukuriaberaup.sirajganj.gov.bd', NULL, NULL),
(955, 104, 'Doulatpur', 'দৌলতপুর', 'doulatpurup.sirajganj.gov.bd', NULL, NULL),
(956, 104, 'Bhangabari', 'ভাঙ্গাবাড়ী', 'bhangabariup.sirajganj.gov.bd', NULL, NULL),
(957, 105, 'Baghutia', 'বাঘুটিয়া', 'baghutiaup.sirajganj.gov.bd', NULL, NULL),
(958, 105, 'Gharjan', 'ঘোরজান', 'gharjanup.sirajganj.gov.bd', NULL, NULL),
(959, 105, 'Khaskaulia', 'খাসকাউলিয়া', 'khaskauliaup.sirajganj.gov.bd', NULL, NULL),
(960, 105, 'Khaspukuria', 'খাসপুকুরিয়া', 'khaspukuriaup.sirajganj.gov.bd', NULL, NULL),
(961, 105, 'Omarpur', 'উমারপুর', 'omarpurup.sirajganj.gov.bd', NULL, NULL),
(962, 105, 'Sadia Chandpur', 'সদিয়া চাঁদপুর', 'sadiachandpurup.sirajganj.gov.bd', NULL, NULL),
(963, 105, 'Sthal', 'স্থল', 'sthalup.sirajganj.gov.bd', NULL, NULL),
(964, 106, 'Bhadraghat', 'ভদ্রঘাট', 'bhadraghatup.sirajganj.gov.bd', NULL, NULL),
(965, 106, 'Jamtail', 'জামতৈল', 'jamtailup.sirajganj.gov.bd', NULL, NULL),
(966, 106, 'Jhawail', 'ঝাঐল', 'jhawailup.sirajganj.gov.bd', NULL, NULL),
(967, 106, 'Roydaulatpur', 'রায়দৌলতপুর', 'roydaulatpurup.sirajganj.gov.bd', NULL, NULL),
(968, 107, 'Chalitadangha', 'চালিতাডাঙ্গা', 'chalitadanghaup.sirajganj.gov.bd', NULL, NULL),
(969, 107, 'Chargirish', 'চরগিরিশ', 'chargirishup.sirajganj.gov.bd', NULL, NULL),
(970, 107, 'Gandail', 'গান্ধাইল', 'gandailup.sirajganj.gov.bd', NULL, NULL),
(971, 107, 'Kazipur Sadar', 'কাজিপুর সদর', 'kazipursadarup.sirajganj.gov.bd', NULL, NULL),
(972, 107, 'Khasrajbari', 'খাসরাজবাড়ী', 'khasrajbariup.sirajganj.gov.bd', NULL, NULL),
(973, 107, 'Maijbari', 'মাইজবাড়ী', 'maijbariup.sirajganj.gov.bd', NULL, NULL),
(974, 107, 'Monsur Nagar', 'মনসুর নগর', 'monsurnagarup.sirajganj.gov.bd', NULL, NULL),
(975, 107, 'Natuarpara', 'নাটুয়ারপাড়া', 'natuarparaup.sirajganj.gov.bd', NULL, NULL),
(976, 107, 'Nishchintapur', 'নিশ্চিন্তপুর', 'nishchintapurup.sirajganj.gov.bd', NULL, NULL),
(977, 107, 'Sonamukhi', 'সোনামুখী', 'sonamukhiup.sirajganj.gov.bd', NULL, NULL),
(978, 107, 'Subhagacha', 'শুভগাছা', 'subhagachaup.sirajganj.gov.bd', NULL, NULL),
(979, 107, 'Tekani', 'তেকানী', 'tekaniup.sirajganj.gov.bd', NULL, NULL),
(980, 108, 'Brommogacha', 'ব্রহ্মগাছা', 'brommogachaup.sirajganj.gov.bd', NULL, NULL),
(981, 108, 'Chandaikona', 'চান্দাইকোনা', 'chandaikonaup.sirajganj.gov.bd', NULL, NULL),
(982, 108, 'Dhamainagar', 'ধামাইনগর', 'dhamainagarup.sirajganj.gov.bd', NULL, NULL),
(983, 108, 'Dhangora', 'ধানগড়া', 'dhangoraup.sirajganj.gov.bd', NULL, NULL),
(984, 108, 'Dhubil', 'ধুবিল', 'dhubilup.sirajganj.gov.bd', NULL, NULL),
(985, 108, 'Ghurka', 'ঘুড়কা', 'ghurkaup.sirajganj.gov.bd', NULL, NULL),
(986, 108, 'Nalka', 'নলকা', 'nalkaup.sirajganj.gov.bd', NULL, NULL),
(987, 108, 'Pangashi', 'পাঙ্গাসী', 'pangashiup.sirajganj.gov.bd', NULL, NULL),
(988, 108, 'Sonakhara', 'সোনাখাড়া', 'sonakharaup.sirajganj.gov.bd', NULL, NULL),
(989, 109, 'Beltail', 'বেলতৈল', 'beltailup.sirajganj.gov.bd', NULL, NULL),
(990, 109, 'Jalalpur', 'জালালপুর', 'jalalpurup.sirajganj.gov.bd', NULL, NULL),
(991, 109, 'Kayempure', 'কায়েমপুর', 'kayempureup.sirajganj.gov.bd', NULL, NULL),
(992, 109, 'Garadah', 'গাড়াদহ', 'garadahup.sirajganj.gov.bd', NULL, NULL),
(993, 109, 'Potazia', 'পোতাজিয়া', 'potaziaup.sirajganj.gov.bd', NULL, NULL),
(994, 109, 'Rupbati', 'রূপবাটি', 'rupbatiup.sirajganj.gov.bd', NULL, NULL),
(995, 109, 'Gala', 'গালা', 'galaup.sirajganj.gov.bd', NULL, NULL),
(996, 109, 'Porzona', 'পোরজনা', 'porzonaup.sirajganj.gov.bd', NULL, NULL),
(997, 109, 'Habibullah Nagar', 'হাবিবুল্লাহ নগর', 'habibullahnagarup.sirajganj.gov.bd', NULL, NULL),
(998, 109, 'Khukni', 'খুকনী', 'khukniup.sirajganj.gov.bd', NULL, NULL),
(999, 109, 'Koizuri', 'কৈজুরী', 'koizuriup.sirajganj.gov.bd', NULL, NULL),
(1000, 109, 'Sonatoni', 'সোনাতনী', 'sonatoniup.sirajganj.gov.bd', NULL, NULL),
(1001, 109, 'Narina', 'নরিনা', 'narinaup.sirajganj.gov.bd', NULL, NULL),
(1002, 110, 'Bagbati', 'বাগবাটি', 'bagbatiup.sirajganj.gov.bd', NULL, NULL),
(1003, 110, 'Ratankandi', 'রতনকান্দি', 'ratankandiup.sirajganj.gov.bd', NULL, NULL),
(1004, 110, 'Bohuli', 'বহুলী', 'bohuliup.sirajganj.gov.bd', NULL, NULL),
(1005, 110, 'Sheyalkol', 'শিয়ালকোল', 'sheyalkolup.sirajganj.gov.bd', NULL, NULL),
(1006, 110, 'Khokshabari', 'খোকশাবাড়ী', 'khokshabariup.nilphamari.gov.bd', NULL, NULL),
(1007, 110, 'Songacha', 'ছোনগাছা', 'songachaup.sirajganj.gov.bd', NULL, NULL),
(1008, 110, 'Mesra', 'মেছড়া', 'mesraup.sirajganj.gov.bd', NULL, NULL),
(1009, 110, 'Kowakhola', 'কাওয়াখোলা', 'kowakholaup.sirajganj.gov.bd', NULL, NULL),
(1010, 110, 'Kaliahoripur', 'কালিয়াহরিপুর', 'kaliahoripurup.sirajganj.gov.bd', NULL, NULL),
(1011, 110, 'Soydabad', 'সয়দাবাদ', 'soydabadup.sirajganj.gov.bd', NULL, NULL),
(1012, 111, 'Baruhas', 'বারুহাস', 'baruhasup.sirajganj.gov.bd', NULL, NULL),
(1013, 111, 'Talam', 'তালম', 'talamup.sirajganj.gov.bd', NULL, NULL),
(1014, 111, 'Soguna', 'সগুনা', 'sogunaup.sirajganj.gov.bd', NULL, NULL),
(1015, 111, 'Magura Binod', 'মাগুড়া বিনোদ', 'magurabinodup.sirajganj.gov.bd', NULL, NULL),
(1016, 111, 'Naogaon', 'নওগাঁ', 'naogaonup.sirajganj.gov.bd', NULL, NULL),
(1017, 111, 'Tarash Sadar', 'তাড়াশ সদর', 'tarashsadarup.sirajganj.gov.bd', NULL, NULL),
(1018, 111, 'Madhainagar', 'মাধাইনগর', 'madhainagarup.sirajganj.gov.bd', NULL, NULL),
(1019, 111, 'Deshigram', 'দেশীগ্রাম', 'deshigramup.sirajganj.gov.bd', NULL, NULL),
(1020, 112, 'Ullapara Sadar', 'উল্লাপাড়া সদর', 'ullaparasadarup.sirajganj.gov.bd', NULL, NULL),
(1021, 112, 'Ramkrisnopur', 'রামকৃষ্ণপুর', 'ramkrisnopurup.sirajganj.gov.bd', NULL, NULL),
(1022, 112, 'Bangala', 'বাঙ্গালা', 'bangalaup.sirajganj.gov.bd', NULL, NULL),
(1023, 112, 'Udhunia', 'উধুনিয়া', 'udhuniaup.sirajganj.gov.bd', NULL, NULL),
(1024, 112, 'Boropangashi', 'বড়পাঙ্গাসী', 'boropangashiup.sirajganj.gov.bd', NULL, NULL),
(1025, 112, 'Durga Nagar', 'দুর্গা নগর', 'durganagarup.sirajganj.gov.bd', NULL, NULL),
(1026, 112, 'Purnimagati', 'পূর্ণিমাগাতী', 'purnimagatiup.sirajganj.gov.bd', NULL, NULL),
(1027, 112, 'Salanga', 'সলঙ্গা', 'salangaup.sirajganj.gov.bd', NULL, NULL),
(1028, 112, 'Hatikumrul', 'হটিকুমরুল', 'hatikumrulup.sirajganj.gov.bd', NULL, NULL),
(1029, 112, 'Borohor', 'বড়হর', 'borohorup.sirajganj.gov.bd', NULL, NULL),
(1030, 112, 'Ponchocroshi', 'পঞ্চক্রোশী', 'ponchocroshiup.sirajganj.gov.bd', NULL, NULL),
(1031, 112, 'Salo', 'সলপ', 'salopup.sirajganj.gov.bd', NULL, NULL),
(1032, 112, 'Mohonpur', 'মোহনপুর', 'mohonpurup.sirajganj.gov.bd', NULL, NULL),
(1033, 113, 'Vaina', 'ভায়না', 'vainaup.pabna.gov.bd', NULL, NULL),
(1034, 113, 'Tantibonda', 'তাঁতিবন্দ', 'tantibondaup.pabna.gov.bd', NULL, NULL),
(1035, 113, 'Manikhat', 'মানিকহাট', 'manikhatup.pabna.gov.bd', NULL, NULL),
(1036, 113, 'Dulai', 'দুলাই', 'dulaiup.pabna.gov.bd', NULL, NULL),
(1037, 113, 'Ahammadpur', 'আহম্মদপুর', 'ahammadpurup.pabna.gov.bd', NULL, NULL),
(1038, 113, 'Raninagar', 'রাণীনগর', 'raninagarup.pabna.gov.bd', NULL, NULL),
(1039, 113, 'Satbaria', 'সাতবাড়ীয়া', 'satbariaup.pabna.gov.bd', NULL, NULL),
(1040, 113, 'Hatkhali', 'হাটখালী', 'hatkhaliup.pabna.gov.bd', NULL, NULL),
(1041, 113, 'Nazirganj', 'নাজিরগঞ্জ', 'nazirganjup.pabna.gov.bd', NULL, NULL),
(1042, 113, 'Sagorkandi', 'সাগরকান্দি', 'sagorkandiup.pabna.gov.bd', NULL, NULL),
(1043, 114, 'Sara', 'সাঁড়া', 'saraup.pabna.gov.bd', NULL, NULL),
(1044, 114, 'Pakshi', 'পাকশী', 'pakshiup.pabna.gov.bd', NULL, NULL),
(1045, 114, 'Muladuli', 'মুলাডুলি', 'muladuliup.pabna.gov.bd', NULL, NULL),
(1046, 114, 'Dashuria', 'দাশুরিয়া', 'dashuriaup.pabna.gov.bd', NULL, NULL),
(1047, 114, 'Silimpur', 'ছলিমপুর', 'silimpurup.pabna.gov.bd', NULL, NULL),
(1048, 114, 'Sahapur', 'সাহাপুর', 'sahapurup.pabna.gov.bd', NULL, NULL),
(1049, 114, 'Luxmikunda', 'লক্ষীকুন্ডা', 'luxmikundaup.pabna.gov.bd', NULL, NULL),
(1050, 115, 'Bhangura', 'ভাঙ্গুড়া', 'bhanguraup.pabna.gov.bd', NULL, NULL),
(1051, 115, 'Khanmarich', 'খানমরিচ', 'khanmarichup.pabna.gov.bd', NULL, NULL),
(1052, 115, 'Ashtamanisha', 'অষ্টমণিষা', 'ashtamanishaup.pabna.gov.bd', NULL, NULL),
(1053, 115, 'Dilpasar', 'দিলপাশার', 'dilpasarup.pabna.gov.bd', NULL, NULL),
(1054, 115, 'Parbhangura', 'পারভাঙ্গুড়া', 'parbhanguraup.pabna.gov.bd', NULL, NULL),
(1055, 116, 'Maligachha', 'মালিগাছা', 'maligachhaup.pabna.gov.bd', NULL, NULL),
(1056, 116, 'Malanchi', 'মালঞ্চি', 'malanchiup.pabna.gov.bd', NULL, NULL),
(1057, 116, 'Gayeshpur', 'গয়েশপুর', 'gayeshpurup.pabna.gov.bd', NULL, NULL),
(1058, 116, 'Ataikula', 'আতাইকুলা', 'ataikulaup.pabna.gov.bd', NULL, NULL),
(1059, 116, 'Chartarapur', 'চরতারাপুর', 'chartarapurup.pabna.gov.bd', NULL, NULL),
(1060, 116, 'Sadullahpur', 'সাদুল্লাপুর', 'sadullahpurup.pabna.gov.bd', NULL, NULL),
(1061, 116, 'Bharara', 'ভাঁড়ারা', 'bhararaup.pabna.gov.bd', NULL, NULL),
(1062, 116, 'Dogachi', 'দোগাছী', 'dogachiup.pabna.gov.bd', NULL, NULL),
(1063, 116, 'Hemayetpur', 'হেমায়েতপুর', 'hemayetpurup.pabna.gov.bd', NULL, NULL),
(1064, 116, 'Dapunia', 'দাপুনিয়া', 'dapuniaup.pabna.gov.bd', NULL, NULL),
(1065, 117, 'Haturia Nakalia', 'হাটুরিয়া নাকালিয়া', 'haturianakaliaup.pabna.gov.bd', NULL, NULL),
(1066, 117, 'Notun Varenga', 'নতুন ভারেঙ্গা', 'notunvarengaup.pabna.gov.bd', NULL, NULL),
(1067, 117, 'Koitola', 'কৈটোলা', 'koitolaup.pabna.gov.bd', NULL, NULL),
(1068, 117, 'Chakla', 'চাকলা', 'chaklaup.pabna.gov.bd', NULL, NULL),
(1069, 117, 'Jatsakhini', 'জাতসাখিনি', 'jatsakhiniup.pabna.gov.bd', NULL, NULL),
(1070, 117, 'Puran Varenga', 'পুরান ভারেঙ্গা', 'puranvarengaup.pabna.gov.bd', NULL, NULL),
(1071, 117, 'Ruppur', 'রূপপুর', 'ruppurup.pabna.gov.bd', NULL, NULL),
(1072, 117, 'Masumdia', 'মাসুমদিয়া', 'masumdiaup.pabna.gov.bd', NULL, NULL),
(1073, 117, 'Dhalar Char', 'ঢালার চর', 'dhalarcharup.pabna.gov.bd', NULL, NULL),
(1074, 118, 'Majhpara', 'মাজপাড়া', 'majhparaup.pabna.gov.bd', NULL, NULL),
(1075, 118, 'Chandba', 'চাঁদভা', 'chandbaup.pabna.gov.bd', NULL, NULL),
(1076, 118, 'Debottar', 'দেবোত্তর', 'debottarup.pabna.gov.bd', NULL, NULL),
(1077, 118, 'Ekdanta', 'একদন্ত', 'ekdantaup.pabna.gov.bd', NULL, NULL),
(1078, 118, 'Laxshmipur', 'লক্ষীপুর', 'laxshmipurup.pabna.gov.bd', NULL, NULL),
(1079, 119, 'Handial', 'হান্ডিয়াল', 'handialup.pabna.gov.bd', NULL, NULL),
(1080, 119, 'Chhaikola', 'ছাইকোলা', 'chhaikolaup.pabna.gov.bd', NULL, NULL),
(1081, 119, 'Nimaichara', 'নিমাইচড়া', 'nimaicharaup.pabna.gov.bd', NULL, NULL),
(1082, 119, 'Gunaigachha', 'গুনাইগাছা', 'gunaigachhaup.pabna.gov.bd', NULL, NULL),
(1083, 119, 'Parshadanga', 'পার্শ্বডাঙ্গা', 'parshadangaup.pabna.gov.bd', NULL, NULL),
(1084, 119, 'Failjana', 'ফৈলজানা', 'failjanaup.pabna.gov.bd', NULL, NULL),
(1085, 119, 'Mulgram', 'মুলগ্রাম', 'mulgramup.pabna.gov.bd', NULL, NULL),
(1086, 119, 'Haripur', 'হরিপুর', 'haripurup.pabna.gov.bd', NULL, NULL),
(1087, 119, 'Mothurapur', 'মথুরাপুর', 'mothurapurup.pabna.gov.bd', NULL, NULL),
(1088, 119, 'Bilchalan', 'বিলচলন', 'bilchalanup.pabna.gov.bd', NULL, NULL),
(1089, 119, 'Danthia Bamangram', 'দাতিয়া বামনগ্রাম', 'danthiabamangramup.pabna.gov.bd', NULL, NULL),
(1090, 120, 'Nagdemra', 'নাগডেমড়া', 'nagdemraup.pabna.gov.bd', NULL, NULL),
(1091, 120, 'Dhulauri', 'ধুলাউড়ি', 'dhulauriup.pabna.gov.bd', NULL, NULL),
(1092, 120, 'Bhulbaria', 'ভুলবাড়ীয়া', 'bhulbariaup.pabna.gov.bd', NULL, NULL),
(1093, 120, 'Dhopadaha', 'ধোপাদহ', 'dhopadahaup.pabna.gov.bd', NULL, NULL),
(1094, 120, 'Karamja', 'করমজা', 'karamjaup.pabna.gov.bd', NULL, NULL),
(1095, 120, 'Kashinathpur', 'কাশিনাথপুর', 'kashinathpurup.pabna.gov.bd', NULL, NULL),
(1096, 120, 'Gaurigram', 'গৌরীগ্রাম', 'gaurigramup.pabna.gov.bd', NULL, NULL),
(1097, 120, 'Nandanpur', 'নন্দনপুর', 'nandanpurup.pabna.gov.bd', NULL, NULL),
(1098, 120, 'Khetupara', 'ক্ষেতুপাড়া', 'khetuparaup.pabna.gov.bd', NULL, NULL),
(1099, 120, 'Ar-Ataikula', 'আর-আতাইকুলা', 'rataiqulaup.pabna.gov.bd', NULL, NULL),
(1100, 121, 'Brilahiribari', 'বৃলাহিড়ীবাড়ী', 'brilahiribariup.pabna.gov.bd', NULL, NULL),
(1101, 121, 'Pungali', 'পুঙ্গুলি', 'pungaliup.pabna.gov.bd', NULL, NULL),
(1102, 121, 'Faridpur', 'ফরিদপুর', 'faridpurup.pabna.gov.bd', NULL, NULL),
(1103, 121, 'Hadal', 'হাদল', 'hadalup.pabna.gov.bd', NULL, NULL),
(1104, 121, 'Banwarinagar', 'বনওয়ারীনগর', 'banwarinagarup.pabna.gov.bd', NULL, NULL),
(1105, 121, 'Demra', 'ডেমড়া', 'demraup.pabna.gov.bd', NULL, NULL),
(1106, 122, 'Birkedar', 'বীরকেদার', 'birkedarup.bogra.gov.bd', NULL, NULL),
(1107, 122, 'Kalai', 'কালাই', 'kalaiup.bogra.gov.bd', NULL, NULL),
(1108, 122, 'Paikar', 'পাইকড়', 'paikarup.bogra.gov.bd', NULL, NULL),
(1109, 122, 'Narhatta', 'নারহট্ট', 'narhattaup.bogra.gov.bd', NULL, NULL),
(1110, 122, 'Murail', 'মুরইল', 'murailup.bogra.gov.bd', NULL, NULL),
(1111, 122, 'Kahaloo', 'কাহালু', 'kahalooup.bogra.gov.bd', NULL, NULL),
(1112, 122, 'Durgapur', 'দূর্গাপুর', 'durgapurup.bogra.gov.bd', NULL, NULL),
(1113, 122, 'Jamgaon', 'জামগ্রাম', 'jamgaonup.bogra.gov.bd', NULL, NULL),
(1114, 122, 'Malancha', 'মালঞ্চা', 'malanchaup.bogra.gov.bd', NULL, NULL),
(1115, 123, 'Fapore', 'ফাঁপোর', 'faporeup.bogra.gov.bd', NULL, NULL),
(1116, 123, 'Shabgram', 'সাবগ্রাম', 'shabgramup.bogra.gov.bd', NULL, NULL),
(1117, 123, 'Nishindara', 'নিশিন্দারা', 'nishindaraup.bogra.gov.bd', NULL, NULL),
(1118, 123, 'Erulia', 'এরুলিয়া', 'eruliaup.bogra.gov.bd', NULL, NULL),
(1119, 123, 'Rajapur', 'রাজাপুর', 'rajapurup.bogra.gov.bd', NULL, NULL),
(1120, 123, 'Shakharia', 'শাখারিয়া', 'shakhariaup.bogra.gov.bd', NULL, NULL),
(1121, 123, 'Sekherkola', 'শেখেরকোলা', 'sekherkolaup.bogra.gov.bd', NULL, NULL),
(1122, 123, 'Gokul', 'গোকুল', 'gokulup.bogra.gov.bd', NULL, NULL),
(1123, 123, 'Noongola', 'নুনগোলা', 'noongolaup.bogra.gov.bd', NULL, NULL),
(1124, 123, 'Lahiripara', 'লাহিড়ীপাড়া', 'lahiriparaup.bogra.gov.bd', NULL, NULL),
(1125, 123, 'Namuja', 'নামুজা', 'namujaup.bogra.gov.bd', NULL, NULL),
(1126, 124, 'Sariakandi Sadar', 'সারিয়াকান্দি সদর', 'sariakandisadarup.bogra.gov.bd', NULL, NULL),
(1127, 124, 'Narchi', 'নারচী', 'narchiup.bogra.gov.bd', NULL, NULL),
(1128, 124, 'Bohail', 'বোহাইল', 'bohailup.bogra.gov.bd', NULL, NULL),
(1129, 124, 'Chaluabari', 'চালুয়াবাড়ী', 'chaluabariup.bogra.gov.bd', NULL, NULL),
(1130, 124, 'Chandanbaisha', 'চন্দনবাইশা', 'chandanbaishaup.bogra.gov.bd', NULL, NULL),
(1131, 124, 'Hatfulbari', 'হাটফুলবাড়ী', 'hatfulbariup.bogra.gov.bd', NULL, NULL),
(1132, 124, 'Hatsherpur', 'হাটশেরপুর', 'hatsherpurup.bogra.gov.bd', NULL, NULL),
(1133, 124, 'Karnibari', 'কর্ণিবাড়ী', 'karnibariup.bogra.gov.bd', NULL, NULL),
(1134, 124, 'Kazla', 'কাজলা', 'kazlaup.bogra.gov.bd', NULL, NULL),
(1135, 124, 'Kutubpur', 'কুতুবপুর', 'kutubpurup.bogra.gov.bd', NULL, NULL),
(1136, 124, 'Kamalpur', 'কামালপুর', 'kamalpur.bogra.gov.bd', NULL, NULL),
(1137, 124, 'Bhelabari', 'ভেলাবাড়ী', 'bhelabari.bogra.gov.bd', NULL, NULL),
(1138, 125, 'Asekpur', 'আশেকপুর', 'asekpurup.bogra.gov.bd', NULL, NULL),
(1139, 125, 'Madla', 'মাদলা', 'madlaup.bogra.gov.bd', NULL, NULL),
(1140, 125, 'Majhira', 'মাঝিড়া', 'majhiraup.bogra.gov.bd', NULL, NULL),
(1141, 125, 'Aria', 'আড়িয়া', 'ariaup.bogra.gov.bd', NULL, NULL),
(1142, 125, 'Kharna', 'খরনা', 'kharnaup.bogra.gov.bd', NULL, NULL),
(1143, 125, 'Khottapara', 'খোট্টাপাড়া', 'Khottaparaup.bogra.gov.bd', NULL, NULL),
(1144, 125, 'Chopinagar', 'চোপিনগর', 'chopinagarup.bogra.gov.bd', NULL, NULL),
(1145, 125, 'Amrul', 'আমরুল', 'amrulup.bogra.gov.bd', NULL, NULL),
(1146, 125, 'Gohail', 'গোহাইল', 'gohailup.bogra.gov.bd', NULL, NULL),
(1147, 126, 'Zianagar', 'জিয়ানগর', 'zianagarup.bogra.gov.bd', NULL, NULL),
(1148, 126, 'Chamrul', 'চামরুল', 'chamrulup.bogra.gov.bd', NULL, NULL),
(1149, 126, 'Dupchanchia', 'দুপচাঁচিয়া', 'dupchanchiaup.bogra.gov.bd', NULL, NULL),
(1150, 126, 'Gunahar', 'গুনাহার', 'gunaharup.bogra.gov.bd', NULL, NULL),
(1151, 126, 'Gobindapur', 'গোবিন্দপুর', 'gobindapurup.bogra.gov.bd', NULL, NULL),
(1152, 126, 'Talora', 'তালোড়া', 'taloraup.bogra.gov.bd', NULL, NULL),
(1153, 127, 'Chhatiangram', 'ছাতিয়ানগ্রাম', 'chhatiangramup.bogra.gov.bd', NULL, NULL),
(1154, 127, 'Nasaratpur', 'নশরতপুর', 'nasaratpurup.bogra.gov.bd', NULL, NULL),
(1155, 127, 'Adamdighi', 'আদমদিঘি', 'adamdighiup.bogra.gov.bd', NULL, NULL),
(1156, 127, 'Kundagram', 'কুন্দগ্রাম', 'kundagramup.bogra.gov.bd', NULL, NULL),
(1157, 127, 'Chapapur', 'চাঁপাপুর', 'chapapurup.bogra.gov.bd', NULL, NULL),
(1158, 127, 'Shantahar', 'সান্তাহার', 'shantaharup.bogra.gov.bd', NULL, NULL),
(1159, 128, 'Burail', 'বুড়ইল', 'burailup.bogra.gov.bd', NULL, NULL),
(1160, 128, 'Nandigram', 'নন্দিগ্রাম', 'nandigramup.bogra.gov.bd', NULL, NULL),
(1161, 128, 'Bhatra', 'ভাটরা', 'bhatraup.bogra.gov.bd', NULL, NULL),
(1162, 128, 'Thalta Majhgram', 'থালতা মাঝগ্রাম', 'thaltamajhgramup.bogra.gov.bd', NULL, NULL),
(1163, 128, 'Bhatgram', 'ভাটগ্রাম', 'bhatgramup.bogra.gov.bd', NULL, NULL),
(1164, 129, 'Sonatala', 'সোনাতলা', 'sonatalaup.bogra.gov.bd', NULL, NULL),
(1165, 129, 'Balua', 'বালুয়া', 'baluaup.bogra.gov.bd', NULL, NULL),
(1166, 129, 'Zorgacha', 'জোড়গাছা', 'zorgachaup.bogra.gov.bd', NULL, NULL),
(1167, 129, 'Digdair', 'দিগদাইড়', 'digdairup.bogra.gov.bd', NULL, NULL),
(1168, 129, 'Madhupur', 'মধুপুর', 'madhupurup.bogra.gov.bd', NULL, NULL),
(1169, 129, 'Pakulla', 'পাকুল্ল্যা', 'pakullaup.bogra.gov.bd', NULL, NULL),
(1170, 129, 'Tekani Chukinagar', 'তেকানী চুকাইনগর', 'tekanichukinagarup.bogra.gov.bd', NULL, NULL),
(1171, 130, 'Nimgachi', 'নিমগাছি', 'nimgachiup.bogra.gov.bd', NULL, NULL),
(1172, 130, 'Kalerpara', 'কালেরপাড়া', 'kalerparaup.bogra.gov.bd', NULL, NULL),
(1173, 130, 'Chikashi', 'চিকাশী', 'chikashiup.bogra.gov.bd', NULL, NULL),
(1174, 130, 'Gossainbari', 'গোসাইবাড়ী', 'gossainbariup.bogra.gov.bd', NULL, NULL),
(1175, 130, 'Bhandarbari', 'ভান্ডারবাড়ী', 'bhandarbariup.bogra.gov.bd', NULL, NULL),
(1176, 130, 'Gopalnagar', '১গোপালনগর', 'gopalnagarup.bogra.gov.bd', NULL, NULL),
(1177, 130, 'Mothurapur', 'মথুরাপুর', 'mothurapurup.bogra.gov.bd', NULL, NULL),
(1178, 130, 'Chowkibari', 'চৌকিবাড়ী', 'chowkibariup.bogra.gov.bd', NULL, NULL),
(1179, 130, 'Elangi', 'এলাঙ্গী', 'elangiup.bogra.gov.bd', NULL, NULL),
(1180, 130, 'Dhunat Sadar', 'ধুনট সদর', 'dhunatsadarup.bogra.gov.bd', NULL, NULL),
(1181, 131, 'Baliadighi', 'বালিয়া দিঘী', 'baliadighiup.bogra.gov.bd', NULL, NULL),
(1182, 131, 'Dakshinpara', 'দক্ষিণপাড়া', 'dakshinparaup.bogra.gov.bd', NULL, NULL),
(1183, 131, 'Durgahata', 'দুর্গাহাটা', 'durgahataup.bogra.gov.bd', NULL, NULL),
(1184, 131, 'Kagail', 'কাগইল', 'kagailup.bogra.gov.bd', NULL, NULL),
(1185, 131, 'Sonarai', 'সোনারায়', 'sonaraiup.bogra.gov.bd', NULL, NULL),
(1186, 131, 'Rameshwarpur', 'রামেশ্বরপুর', 'rameshwarpurup.bogra.gov.bd', NULL, NULL),
(1187, 131, 'Naruamala', 'নাড়ুয়ামালা', 'naruamalaup.bogra.gov.bd', NULL, NULL),
(1188, 131, 'Nepaltali', 'নেপালতলী', 'nepaltaliup.bogra.gov.bd', NULL, NULL),
(1189, 131, 'Gabtali', 'গাবতলি', 'gabtaliup.bogra.gov.bd', NULL, NULL),
(1190, 131, 'Mahishaban', 'মহিষাবান', 'mahishabanup.bogra.gov.bd', NULL, NULL),
(1191, 131, 'Nasipur', 'নশিপুর', 'nasipurup.bogra.gov.bd', NULL, NULL),
(1192, 132, 'Mirzapur', 'মির্জাপুর', 'mirzapurup.bogra.gov.bd', NULL, NULL),
(1193, 132, 'Khamarkandi', 'খামারকান্দি', 'khamarkandiup.bogra.gov.bd', NULL, NULL),
(1194, 132, 'Garidaha', 'গাড়িদহ', 'garidahaup.bogra.gov.bd', NULL, NULL),
(1195, 132, 'Kusumbi', 'কুসুম্বী', 'kusumbiup.bogra.gov.bd', NULL, NULL),
(1196, 132, 'Bishalpur', 'বিশালপুর', 'bishalpurup.bogra.gov.bd', NULL, NULL),
(1197, 132, 'Shimabari', 'সীমাবাড়ি', 'shimabariup.bogra.gov.bd', NULL, NULL),
(1198, 132, 'Shahbondegi', 'শাহবন্দেগী', 'shahbondegiup.bogra.gov.bd', NULL, NULL),
(1199, 132, 'Sughat', 'সুঘাট', 'sughatup.bogra.gov.bd', NULL, NULL),
(1200, 132, 'Khanpur', 'খানপুর', 'khanpurup.bogra.gov.bd', NULL, NULL),
(1201, 132, 'Bhabanipur', 'ভবানীপুর', 'bhabanipurup.bogra.gov.bd', NULL, NULL),
(1202, 133, 'Moidanhatta', 'ময়দানহাট্টা', 'moidanhattaup.bogra.gov.bd', NULL, NULL),
(1203, 133, 'Kichok', 'কিচক', 'kichokup.bogra.gov.bd', NULL, NULL),
(1204, 133, 'Atmul', 'আটমূল', 'atmulup.bogra.gov.bd', NULL, NULL),
(1205, 133, 'Pirob', 'পিরব', 'pirobup.bogra.gov.bd', NULL, NULL),
(1206, 133, 'Majhihatta', 'মাঝিহট্ট', 'majhihattaup.bogra.gov.bd', NULL, NULL),
(1207, 133, 'Buriganj', 'বুড়িগঞ্জ', 'buriganjup.bogra.gov.bd', NULL, NULL),
(1208, 133, 'Bihar', 'বিহার', 'biharup.bogra.gov.bd', NULL, NULL),
(1209, 133, 'Shibganj', 'শিবগঞ্জ', 'shibganjup.bogra.gov.bd', NULL, NULL),
(1210, 133, 'Deuly', 'দেউলি', 'deulyup.bogra.gov.bd', NULL, NULL),
(1211, 133, 'Sayedpur', 'সৈয়দপুর', 'sayedpurup.bogra.gov.bd', NULL, NULL),
(1212, 133, 'Mokamtala', 'মোকামতলা', 'mokamtalaup.bogra.gov.bd', NULL, NULL),
(1213, 133, 'Raynagar', 'রায়নগর', 'raynagarup.bogra.gov.bd', NULL, NULL),
(1214, 134, 'Darsanpara', 'দর্শনপাড়া', 'darsanparaup.rajshahi.gov.bd', NULL, NULL),
(1215, 134, 'Hujuripara', 'হুজুরী পাড়া', 'hujuriparaup.rajshahi.gov.bd', NULL, NULL),
(1216, 134, 'Damkura', 'দামকুড়া', 'damkuraup.rajshahi.gov.bd', NULL, NULL),
(1217, 134, 'Horipur', 'হরিপুর', 'horipurup.rajshahi.gov.bd', NULL, NULL),
(1218, 134, 'Horogram', 'হড়গ্রাম', 'horogramup.rajshahi.gov.bd', NULL, NULL),
(1219, 134, 'Harian', 'হরিয়ান', 'harianup.rajshahi.gov.bd', NULL, NULL),
(1220, 134, 'Borgachi', 'বড়্গাছি', 'borgachiup.rajshahi.gov.bd', NULL, NULL),
(1221, 134, 'Parila', 'পারিলা', 'parilaup.rajshahi.gov.bd', NULL, NULL),
(1222, 135, 'Naopara', 'নওপাড়া', 'naoparaup.rajshahi.gov.bd', NULL, NULL),
(1223, 135, 'Kismatgankoir', 'কিসমতগণকৈড়', 'kismatgankoirup.rajshahi.gov.bd', NULL, NULL),
(1224, 135, 'Pananagar', 'পানানগর', 'pananagarup.rajshahi.gov.bd', NULL, NULL),
(1225, 135, 'Deluabari', 'দেলুয়াবাড়ী', 'deluabariup.rajshahi.gov.bd', NULL, NULL),
(1226, 135, 'Jhaluka', 'ঝালুকা', 'jhalukaup.rajshahi.gov.bd', NULL, NULL),
(1227, 135, 'Maria', 'মাড়িয়া', 'mariaup.rajshahi.gov.bd', NULL, NULL),
(1228, 135, 'Joynogor', 'জয়নগর', 'joynogorup.rajshahi.gov.bd', NULL, NULL),
(1229, 136, 'Dhuroil', 'ধুরইল', 'dhuroilup.rajshahi.gov.bd', NULL, NULL),
(1230, 136, 'Ghasigram', 'ঘষিগ্রাম', 'ghasigramup.rajshahi.gov.bd', NULL, NULL),
(1231, 136, 'Raighati', 'রায়ঘাটি', 'raighatiup.rajshahi.gov.bd', NULL, NULL),
(1232, 136, 'Mougachi', 'মৌগাছি', 'mougachiup.rajshahi.gov.bd', NULL, NULL),
(1233, 136, 'Baksimoil', 'বাকশিমইল', 'baksimoilup.rajshahi.gov.bd', NULL, NULL),
(1234, 136, 'Jahanabad', 'জাহানাবাদ', 'jahanabadup.rajshahi.gov.bd', NULL, NULL),
(1235, 137, 'Yousufpur', 'ইউসুফপুর', 'yousufpurup.rajshahi.gov.bd', NULL, NULL),
(1236, 137, 'Solua', 'শলুয়া', 'soluaup.rajshahi.gov.bd', NULL, NULL),
(1237, 137, 'Sardah', 'সরদহ', 'sardahup.rajshahi.gov.bd', NULL, NULL),
(1238, 137, 'Nimpara', 'নিমপাড়া', 'nimparaup.rajshahi.gov.bd', NULL, NULL),
(1239, 137, 'Charghat', 'চারঘাট', 'charghatup.rajshahi.gov.bd', NULL, NULL),
(1240, 137, 'Vialuxmipur', 'ভায়ালক্ষ্মীপুর', 'vialuxmipurup.rajshahi.gov.bd', NULL, NULL),
(1241, 138, 'Puthia', 'পুঠিয়া', 'puthiaup.rajshahi.gov.bd', NULL, NULL),
(1242, 138, 'Belpukuria', 'বেলপুকুরিয়া', 'belpukuriaup.rajshahi.gov.bd', NULL, NULL),
(1243, 138, 'Baneswar', 'বানেশ্বর', 'baneswarup.rajshahi.gov.bd', NULL, NULL),
(1244, 138, 'Valukgachi', 'ভালুক গাছি', 'valukgachiup.rajshahi.gov.bd', NULL, NULL),
(1245, 138, 'Shilmaria', 'শিলমাড়িয়া', 'shilmariaup.rajshahi.gov.bd', NULL, NULL),
(1246, 138, 'Jewpara', 'জিউপাড়া', 'jewparaup.rajshahi.gov.bd', NULL, NULL),
(1247, 139, 'Bajubagha', 'বাজুবাঘা', 'bajubaghaup.rajshahi.gov.bd', NULL, NULL),
(1248, 139, 'Gorgori', 'গড়গড়ি', 'gorgoriup.rajshahi.gov.bd', NULL, NULL),
(1249, 139, 'Pakuria', 'পাকুড়িয়া', 'pakuriaup.rajshahi.gov.bd', NULL, NULL),
(1250, 139, 'Monigram', 'মনিগ্রাম', 'monigramup.rajshahi.gov.bd', NULL, NULL),
(1251, 139, 'Bausa', 'বাউসা', 'bausaup.rajshahi.gov.bd', NULL, NULL),
(1252, 139, 'Arani', 'আড়ানী', 'araniup.rajshahi.gov.bd', NULL, NULL),
(1253, 140, 'Godagari', 'গোদাগাড়ী', 'godagariup.rajshahi.gov.bd', NULL, NULL),
(1254, 140, 'Mohonpur', 'মোহনপুর', 'mohonpurup.rajshahi.gov.bd', NULL, NULL),
(1255, 140, 'Pakri', 'পাকড়ী', 'pakriup.rajshahi.gov.bd', NULL, NULL),
(1256, 140, 'Risikul', 'রিশিকুল', 'risikulup.rajshahi.gov.bd', NULL, NULL),
(1257, 140, 'Gogram', 'গোগ্রাম', 'gogramup.rajshahi.gov.bd', NULL, NULL),
(1258, 140, 'Matikata', 'মাটিকাটা', 'matikataup.rajshahi.gov.bd', NULL, NULL),
(1259, 140, 'Dewpara', 'দেওপাড়া', 'dewparaup.rajshahi.gov.bd', NULL, NULL),
(1260, 140, 'Basudebpur', 'বাসুদেবপুর', 'basudebpurup.rajshahi.gov.bd', NULL, NULL),
(1261, 140, 'Asariadaha', 'আষাড়িয়াদহ', 'asariadahaup.rajshahi.gov.bd', NULL, NULL),
(1262, 141, 'Kalma', 'কলমা', 'kalmaup.rajshahi.gov.bd', NULL, NULL),
(1263, 141, 'Badhair', 'বাধাইড়', 'badhairup.rajshahi.gov.bd', NULL, NULL),
(1264, 141, 'Panchandar', 'পাঁচন্দর', 'panchandarup.rajshahi.gov.bd', NULL, NULL),
(1265, 141, 'Saranjai', 'সরঞ্জাই', 'saranjaiup.rajshahi.gov.bd', NULL, NULL),
(1266, 141, 'Talondo', 'তালন্দ', 'talondoup.rajshahi.gov.bd', NULL, NULL),
(1267, 141, 'Kamargaon', 'কামারগাঁ', 'kamargaonup.rajshahi.gov.bd', NULL, NULL),
(1268, 141, 'Chanduria', 'চান্দুড়িয়া', 'chanduriaup.rajshahi.gov.bd', NULL, NULL),
(1269, 142, 'Gobindopara', 'গোবিন্দপাড়া', 'gobindoparaup.rajshahi.gov.bd', NULL, NULL),
(1270, 142, 'Nordas', 'নরদাস', 'nordasup.rajshahi.gov.bd', NULL, NULL),
(1271, 142, 'Dippur', 'দ্বীপপুর', 'dippurup.rajshahi.gov.bd', NULL, NULL),
(1272, 142, 'Borobihanoli', 'বড়বিহানলী', 'borobihanoliup.rajshahi.gov.bd', NULL, NULL),
(1273, 142, 'Auchpara', 'আউচপাড়া', 'auchparaup.rajshahi.gov.bd', NULL, NULL),
(1274, 142, 'Sreepur', 'শ্রীপুর', 'sreepurup.rajshahi.gov.bd', NULL, NULL),
(1275, 142, 'Basupara', 'বাসুপাড়া', 'basuparaup.rajshahi.gov.bd', NULL, NULL);

-- --------------------------------------------------------

--
-- Table structure for table `users`
--

CREATE TABLE `users` (
  `id` bigint(20) UNSIGNED NOT NULL,
  `name` varchar(255) COLLATE utf8mb4_unicode_ci NOT NULL,
  `email` varchar(255) COLLATE utf8mb4_unicode_ci NOT NULL,
  `email_verified_at` timestamp NULL DEFAULT NULL,
  `password` varchar(255) COLLATE utf8mb4_unicode_ci NOT NULL,
  `remember_token` varchar(100) COLLATE utf8mb4_unicode_ci DEFAULT NULL,
  `created_at` timestamp NULL DEFAULT NULL,
  `updated_at` timestamp NULL DEFAULT NULL
) ENGINE=InnoDB DEFAULT CHARSET=utf8mb4 COLLATE=utf8mb4_unicode_ci;

--
-- Indexes for dumped tables
--

--
-- Indexes for table `apartment`
--
ALTER TABLE `apartment`
  ADD PRIMARY KEY (`apartment_ID`);

--
-- Indexes for table `customers`
--
ALTER TABLE `customers`
  ADD PRIMARY KEY (`id`);

--
-- Indexes for table `failed_jobs`
--
ALTER TABLE `failed_jobs`
  ADD PRIMARY KEY (`id`),
  ADD UNIQUE KEY `failed_jobs_uuid_unique` (`uuid`);

--
-- Indexes for table `footer`
--
ALTER TABLE `footer`
  ADD PRIMARY KEY (`ID`);

--
-- Indexes for table `password_resets`
--
ALTER TABLE `password_resets`
  ADD KEY `password_resets_email_index` (`email`);

--
-- Indexes for table `payment`
--
ALTER TABLE `payment`
  ADD PRIMARY KEY (`ID`);

--
-- Indexes for table `users`
--
ALTER TABLE `users`
  ADD PRIMARY KEY (`id`),
  ADD UNIQUE KEY `users_email_unique` (`email`);

--
-- AUTO_INCREMENT for dumped tables
--

--
-- AUTO_INCREMENT for table `apartment`
--
ALTER TABLE `apartment`
  MODIFY `apartment_ID` int(10) NOT NULL AUTO_INCREMENT, AUTO_INCREMENT=16;

--
-- AUTO_INCREMENT for table `customers`
--
ALTER TABLE `customers`
  MODIFY `id` bigint(20) UNSIGNED NOT NULL AUTO_INCREMENT, AUTO_INCREMENT=6;

--
-- AUTO_INCREMENT for table `failed_jobs`
--
ALTER TABLE `failed_jobs`
  MODIFY `id` bigint(20) UNSIGNED NOT NULL AUTO_INCREMENT;

--
-- AUTO_INCREMENT for table `footer`
--
ALTER TABLE `footer`
  MODIFY `ID` int(11) NOT NULL AUTO_INCREMENT, AUTO_INCREMENT=2;

--
-- AUTO_INCREMENT for table `payment`
--
ALTER TABLE `payment`
  MODIFY `ID` int(10) NOT NULL AUTO_INCREMENT;

--
-- AUTO_INCREMENT for table `users`
--
ALTER TABLE `users`
  MODIFY `id` bigint(20) UNSIGNED NOT NULL AUTO_INCREMENT;
COMMIT;

/*!40101 SET CHARACTER_SET_CLIENT=@OLD_CHARACTER_SET_CLIENT */;
/*!40101 SET CHARACTER_SET_RESULTS=@OLD_CHARACTER_SET_RESULTS */;
/*!40101 SET COLLATION_CONNECTION=@OLD_COLLATION_CONNECTION */;
